Logging started. Writing to logs/verification_log.txt...
{'funcellipeinc': {'kan': 'funcellipeinc_kan_model.pkl'}, 'funcellipkinc': {'kan': 'funcellipkinc_kan_model.pkl'}, 'funcnoise': {'kan': 'funcnoise_kan_model.pkl'}, 'funcsphharm': {'kan': 'funcsphharm_kan_model.pkl'}, 'functionbessel': {'kan': 'functionbessel_kan_model.pkl'}, 'functionexp100': {'kan': 'functionexp100_kan_model.pkl'}, 'functionexp4': {'kan': 'functionexp4_kan_model.pkl'}, 'functionexp': {'kan': 'functionexp_kan_model.pkl'}, 'functionlegendre': {'kan': 'functionlegendre_kan_model.pkl'}, 'functionxy': {'kan': 'functionxy_kan_model.pkl'}, 'pinnheat': {'kan': 'pinnheat_kan_model.pkl'}, 'prosthetic': {'kan': 'prosthetic_kan_model.pkl'}, 'weather': {'kan': 'weather_kan_model.pkl'}}

=== functionbessel ===
  theoretical min error: 0.2377, n_splines: 1, dp_time: 0.111s
  Testing total segment budget: 2 (k=2 per spline for Van)
Set parameter Username
Set parameter LicenseID to value 2849421
Academic license - for non-commercial use only - expires 2027-07-30
Set parameter Method to value 6
Set parameter TimeLimit to value 1000
Set parameter Presolve to value -1
    Opt k=2 (budget=2): width=1.7171, ilp=0.213s, milp=0.017s
Set parameter Method to value 6
Set parameter TimeLimit to value 1000
Set parameter Presolve to value -1
    Van k=2: width=1.7171, milp=0.014s
  Testing total segment budget: 3 (k=3 per spline for Van)
Set parameter Method to value 6
Set parameter TimeLimit to value 1000
Set parameter Presolve to value -1
    Opt k=3 (budget=3): width=1.7161, ilp=0.000s, milp=0.014s
Set parameter Method to value 6
Set parameter TimeLimit to value 1000
Set parameter Presolve to value -1
    Van k=3: width=1.7161, milp=0.013s
  Testing total segment budget: 4 (k=4 per spline for Van)
Set parameter Method to value 6
Set parameter TimeLimit to value 1000
Set parameter Presolve to value -1
    Opt k=4 (budget=4): width=2.1622, ilp=0.000s, milp=0.013s
Set parameter Method to value 6
Set parameter TimeLimit to value 1000
Set parameter Presolve to value -1
    Van k=4: width=2.1622, milp=0.015s
  Testing total segment budget: 5 (k=5 per spline for Van)
Set parameter Method to value 6
Set parameter TimeLimit to value 1000
Set parameter Presolve to value -1
    Opt k=5 (budget=5): width=2.2787, ilp=0.001s, milp=0.014s
Set parameter Method to value 6
Set parameter TimeLimit to value 1000
Set parameter Presolve to value -1
    Van k=5: width=2.2787, milp=0.015s
  Testing total segment budget: 6 (k=6 per spline for Van)
Set parameter Method to value 6
Set parameter TimeLimit to value 1000
Set parameter Presolve to value -1
    Opt k=6 (budget=6): width=2.0949, ilp=0.001s, milp=0.015s
Set parameter Method to value 6
Set parameter TimeLimit to value 1000
Set parameter Presolve to value -1
    Van k=6: width=2.0949, milp=0.015s
  Testing total segment budget: 7 (k=7 per spline for Van)
Set parameter Method to value 6
Set parameter TimeLimit to value 1000
Set parameter Presolve to value -1
    Opt k=7 (budget=7): width=2.0731, ilp=0.001s, milp=0.016s
Set parameter Method to value 6
Set parameter TimeLimit to value 1000
Set parameter Presolve to value -1
    Van k=7: width=2.0731, milp=0.015s
  Input sweep allocations: delta-based uses 5 segments (5.0/spline); equal-budget uses 5 (Van k=5 uses 5)
  Testing input width: 0.01 (bounds=(-0.005, 0.005))
Set parameter Method to value 6
Set parameter TimeLimit to value 1000
Set parameter Presolve to value -1
    Opt (delta, 5 segs): width=1.0463, milp=0.015s
Set parameter Method to value 6
Set parameter TimeLimit to value 1000
Set parameter Presolve to value -1
    Opt (eq-budget, 5 segs): width=1.0463, milp=0.015s
Set parameter Method to value 6
Set parameter TimeLimit to value 1000
Set parameter Presolve to value -1
    Van k=5: width=1.0463, milp=0.016s
Set parameter Method to value 6
Set parameter TimeLimit to value 1000
Set parameter Presolve to value -1
    Uniform k=5: width=1.4853, milp=0.016s
  Testing input width: 0.05 (bounds=(-0.025, 0.025))
Set parameter Method to value 6
Set parameter TimeLimit to value 1000
Set parameter Presolve to value -1
    Opt (delta, 5 segs): width=1.1989, milp=0.015s
Set parameter Method to value 6
Set parameter TimeLimit to value 1000
Set parameter Presolve to value -1
    Opt (eq-budget, 5 segs): width=1.1989, milp=0.016s
Set parameter Method to value 6
Set parameter TimeLimit to value 1000
Set parameter Presolve to value -1
    Van k=5: width=1.1989, milp=0.015s
Set parameter Method to value 6
Set parameter TimeLimit to value 1000
Set parameter Presolve to value -1
    Uniform k=5: width=1.4854, milp=0.015s
  Testing input width: 0.1 (bounds=(-0.050, 0.050))
Set parameter Method to value 6
Set parameter TimeLimit to value 1000
Set parameter Presolve to value -1
    Opt (delta, 5 segs): width=1.3271, milp=0.015s
Set parameter Method to value 6
Set parameter TimeLimit to value 1000
Set parameter Presolve to value -1
    Opt (eq-budget, 5 segs): width=1.3271, milp=0.015s
Set parameter Method to value 6
Set parameter TimeLimit to value 1000
Set parameter Presolve to value -1
    Van k=5: width=1.3271, milp=0.016s
Set parameter Method to value 6
Set parameter TimeLimit to value 1000
Set parameter Presolve to value -1
    Uniform k=5: width=1.4857, milp=0.016s
  Testing input width: 0.5 (bounds=(-0.250, 0.250))
Set parameter Method to value 6
Set parameter TimeLimit to value 1000
Set parameter Presolve to value -1
    Opt (delta, 5 segs): width=2.2787, milp=0.016s
Set parameter Method to value 6
Set parameter TimeLimit to value 1000
Set parameter Presolve to value -1
    Opt (eq-budget, 5 segs): width=2.2787, milp=0.016s
Set parameter Method to value 6
Set parameter TimeLimit to value 1000
Set parameter Presolve to value -1
    Van k=5: width=2.2787, milp=0.015s
Set parameter Method to value 6
Set parameter TimeLimit to value 1000
Set parameter Presolve to value -1
    Uniform k=5: width=1.4874, milp=0.016s
  Testing input width: 1.0 (bounds=(-0.500, 0.500))
Set parameter Method to value 6
Set parameter TimeLimit to value 1000
Set parameter Presolve to value -1
    Opt (delta, 5 segs): width=2.2787, milp=0.017s
Set parameter Method to value 6
Set parameter TimeLimit to value 1000
Set parameter Presolve to value -1
    Opt (eq-budget, 5 segs): width=2.2787, milp=0.015s
Set parameter Method to value 6
Set parameter TimeLimit to value 1000
Set parameter Presolve to value -1
    Van k=5: width=2.2787, milp=0.015s
Set parameter Method to value 6
Set parameter TimeLimit to value 1000
Set parameter Presolve to value -1
    Uniform k=5: width=1.5319, milp=0.015s
  Testing input width: 2.0 (bounds=(-1.000, 1.000))
Set parameter Method to value 6
Set parameter TimeLimit to value 1000
Set parameter Presolve to value -1
    Opt (delta, 5 segs): width=2.2787, milp=0.015s
Set parameter Method to value 6
Set parameter TimeLimit to value 1000
Set parameter Presolve to value -1
    Opt (eq-budget, 5 segs): width=2.2787, milp=0.017s
Set parameter Method to value 6
Set parameter TimeLimit to value 1000
Set parameter Presolve to value -1
    Van k=5: width=2.2787, milp=0.016s
Set parameter Method to value 6
Set parameter TimeLimit to value 1000
Set parameter Presolve to value -1
    Uniform k=5: width=1.6779, milp=0.015s
  Testing input width: 5.0 (bounds=(-2.500, 2.500))
Set parameter Method to value 6
Set parameter TimeLimit to value 1000
Set parameter Presolve to value -1
    Opt (delta, 5 segs): width=2.2787, milp=0.016s
Set parameter Method to value 6
Set parameter TimeLimit to value 1000
Set parameter Presolve to value -1
    Opt (eq-budget, 5 segs): width=2.2787, milp=0.016s
Set parameter Method to value 6
Set parameter TimeLimit to value 1000
Set parameter Presolve to value -1
    Van k=5: width=2.2787, milp=0.015s
Set parameter Method to value 6
Set parameter TimeLimit to value 1000
Set parameter Presolve to value -1
    Uniform k=5: width=1.7935, milp=0.015s
Saved graph data to logs/graph_data_functionbessel.json

=== functionexp ===
  theoretical min error: 1.1345, n_splines: 3, dp_time: 0.046s
  Testing total segment budget: 6 (k=2 per spline for Van)
Set parameter Method to value 6
Set parameter TimeLimit to value 1000
Set parameter Presolve to value -1
    Opt k=2 (budget=6): width=13.5558, ilp=0.003s, milp=0.017s
Set parameter Method to value 6
Set parameter TimeLimit to value 1000
Set parameter Presolve to value -1
    Van k=2: width=9.6634, milp=0.015s
  Testing total segment budget: 9 (k=3 per spline for Van)
Set parameter Method to value 6
Set parameter TimeLimit to value 1000
Set parameter Presolve to value -1
    Opt k=3 (budget=9): width=9.2338, ilp=0.002s, milp=0.015s
Set parameter Method to value 6
Set parameter TimeLimit to value 1000
Set parameter Presolve to value -1
    Van k=3: width=8.8763, milp=0.016s
  Testing total segment budget: 12 (k=4 per spline for Van)
Set parameter Method to value 6
Set parameter TimeLimit to value 1000
Set parameter Presolve to value -1
    Opt k=4 (budget=12): width=8.1738, ilp=0.003s, milp=0.016s
Set parameter Method to value 6
Set parameter TimeLimit to value 1000
Set parameter Presolve to value -1
    Van k=4: width=8.3487, milp=0.015s
  Testing total segment budget: 15 (k=5 per spline for Van)
Set parameter Method to value 6
Set parameter TimeLimit to value 1000
Set parameter Presolve to value -1
    Opt k=5 (budget=15): width=8.1738, ilp=0.003s, milp=0.016s
Set parameter Method to value 6
Set parameter TimeLimit to value 1000
Set parameter Presolve to value -1
    Van k=5: width=8.1738, milp=0.015s
  Testing total segment budget: 18 (k=6 per spline for Van)
Set parameter Method to value 6
Set parameter TimeLimit to value 1000
Set parameter Presolve to value -1
    Opt k=6 (budget=18): width=8.3165, ilp=0.002s, milp=0.016s
Set parameter Method to value 6
Set parameter TimeLimit to value 1000
Set parameter Presolve to value -1
    Van k=6: width=8.1037, milp=0.015s
  Testing total segment budget: 21 (k=7 per spline for Van)
Set parameter Method to value 6
Set parameter TimeLimit to value 1000
Set parameter Presolve to value -1
    Opt k=7 (budget=21): width=8.1738, ilp=0.003s, milp=0.015s
Set parameter Method to value 6
Set parameter TimeLimit to value 1000
Set parameter Presolve to value -1
    Van k=7: width=7.8948, milp=0.015s
  Input sweep allocations: delta-based uses 15 segments (5.0/spline); equal-budget uses 15 (Van k=5 uses 15)
  Testing input width: 0.01 (bounds=(-0.005, 0.005))
Set parameter Method to value 6
Set parameter TimeLimit to value 1000
Set parameter Presolve to value -1
    Opt (delta, 15 segs): width=2.6715, milp=0.015s
Set parameter Method to value 6
Set parameter TimeLimit to value 1000
Set parameter Presolve to value -1
    Opt (eq-budget, 15 segs): width=2.6715, milp=0.016s
Set parameter Method to value 6
Set parameter TimeLimit to value 1000
Set parameter Presolve to value -1
    Van k=5: width=2.9577, milp=0.015s
Set parameter Method to value 6
Set parameter TimeLimit to value 1000
Set parameter Presolve to value -1
    Uniform k=5: width=12.0934, milp=0.018s
  Testing input width: 0.05 (bounds=(-0.025, 0.025))
Set parameter Method to value 6
Set parameter TimeLimit to value 1000
Set parameter Presolve to value -1
    Opt (delta, 15 segs): width=2.8309, milp=0.016s
Set parameter Method to value 6
Set parameter TimeLimit to value 1000
Set parameter Presolve to value -1
    Opt (eq-budget, 15 segs): width=2.8309, milp=0.015s
Set parameter Method to value 6
Set parameter TimeLimit to value 1000
Set parameter Presolve to value -1
    Van k=5: width=3.1212, milp=0.014s
Set parameter Method to value 6
Set parameter TimeLimit to value 1000
Set parameter Presolve to value -1
    Uniform k=5: width=12.1443, milp=0.016s
  Testing input width: 0.1 (bounds=(-0.050, 0.050))
Set parameter Method to value 6
Set parameter TimeLimit to value 1000
Set parameter Presolve to value -1
    Opt (delta, 15 segs): width=3.0301, milp=0.014s
Set parameter Method to value 6
Set parameter TimeLimit to value 1000
Set parameter Presolve to value -1
    Opt (eq-budget, 15 segs): width=3.0301, milp=0.016s
Set parameter Method to value 6
Set parameter TimeLimit to value 1000
Set parameter Presolve to value -1
    Van k=5: width=3.3255, milp=0.015s
Set parameter Method to value 6
Set parameter TimeLimit to value 1000
Set parameter Presolve to value -1
    Uniform k=5: width=12.2079, milp=0.014s
  Testing input width: 0.5 (bounds=(-0.250, 0.250))
Set parameter Method to value 6
Set parameter TimeLimit to value 1000
Set parameter Presolve to value -1
    Opt (delta, 15 segs): width=4.6237, milp=0.016s
Set parameter Method to value 6
Set parameter TimeLimit to value 1000
Set parameter Presolve to value -1
    Opt (eq-budget, 15 segs): width=4.6237, milp=0.015s
Set parameter Method to value 6
Set parameter TimeLimit to value 1000
Set parameter Presolve to value -1
    Van k=5: width=4.9599, milp=0.015s
Set parameter Method to value 6
Set parameter TimeLimit to value 1000
Set parameter Presolve to value -1
    Uniform k=5: width=12.5182, milp=0.016s
  Testing input width: 1.0 (bounds=(-0.500, 0.500))
Set parameter Method to value 6
Set parameter TimeLimit to value 1000
Set parameter Presolve to value -1
    Opt (delta, 15 segs): width=6.2999, milp=0.016s
Set parameter Method to value 6
Set parameter TimeLimit to value 1000
Set parameter Presolve to value -1
    Opt (eq-budget, 15 segs): width=6.2999, milp=0.015s
Set parameter Method to value 6
Set parameter TimeLimit to value 1000
Set parameter Presolve to value -1
    Van k=5: width=6.8925, milp=0.016s
Set parameter Method to value 6
Set parameter TimeLimit to value 1000
Set parameter Presolve to value -1
    Uniform k=5: width=12.6679, milp=0.016s
  Testing input width: 2.0 (bounds=(-1.000, 1.000))
Set parameter Method to value 6
Set parameter TimeLimit to value 1000
Set parameter Presolve to value -1
    Opt (delta, 15 segs): width=7.6378, milp=0.016s
Set parameter Method to value 6
Set parameter TimeLimit to value 1000
Set parameter Presolve to value -1
    Opt (eq-budget, 15 segs): width=7.6378, milp=0.016s
Set parameter Method to value 6
Set parameter TimeLimit to value 1000
Set parameter Presolve to value -1
    Van k=5: width=7.8552, milp=0.017s
Set parameter Method to value 6
Set parameter TimeLimit to value 1000
Set parameter Presolve to value -1
    Uniform k=5: width=12.6697, milp=0.016s
  Testing input width: 5.0 (bounds=(-2.500, 2.500))
Set parameter Method to value 6
Set parameter TimeLimit to value 1000
Set parameter Presolve to value -1
    Opt (delta, 15 segs): width=8.1738, milp=0.016s
Set parameter Method to value 6
Set parameter TimeLimit to value 1000
Set parameter Presolve to value -1
    Opt (eq-budget, 15 segs): width=8.1738, milp=0.016s
Set parameter Method to value 6
Set parameter TimeLimit to value 1000
Set parameter Presolve to value -1
    Van k=5: width=8.1738, milp=0.016s
Set parameter Method to value 6
Set parameter TimeLimit to value 1000
Set parameter Presolve to value -1
    Uniform k=5: width=13.0502, milp=0.016s
Saved graph data to logs/graph_data_functionexp.json

=== functionxy ===
  theoretical min error: 0.2828, n_splines: 6, dp_time: 0.061s
  Testing total segment budget: 12 (k=2 per spline for Van)
Set parameter Method to value 6
Set parameter TimeLimit to value 1000
Set parameter Presolve to value -1
    Opt k=2 (budget=12): width=3.6358, ilp=0.003s, milp=0.017s
Set parameter Method to value 6
Set parameter TimeLimit to value 1000
Set parameter Presolve to value -1
    Van k=2: width=3.6770, milp=0.016s
  Testing total segment budget: 18 (k=3 per spline for Van)
Set parameter Method to value 6
Set parameter TimeLimit to value 1000
Set parameter Presolve to value -1
    Opt k=3 (budget=18): width=3.6344, ilp=0.006s, milp=0.016s
Set parameter Method to value 6
Set parameter TimeLimit to value 1000
Set parameter Presolve to value -1
    Van k=3: width=3.3304, milp=0.017s
  Testing total segment budget: 24 (k=4 per spline for Van)
Set parameter Method to value 6
Set parameter TimeLimit to value 1000
Set parameter Presolve to value -1
    Opt k=4 (budget=24): width=2.8991, ilp=0.004s, milp=0.016s
Set parameter Method to value 6
Set parameter TimeLimit to value 1000
Set parameter Presolve to value -1
    Van k=4: width=2.9482, milp=0.015s
  Testing total segment budget: 30 (k=5 per spline for Van)
Set parameter Method to value 6
Set parameter TimeLimit to value 1000
Set parameter Presolve to value -1
    Opt k=5 (budget=30): width=2.7325, ilp=0.003s, milp=0.016s
Set parameter Method to value 6
Set parameter TimeLimit to value 1000
Set parameter Presolve to value -1
    Van k=5: width=2.7479, milp=0.026s
  Testing total segment budget: 36 (k=6 per spline for Van)
Set parameter Method to value 6
Set parameter TimeLimit to value 1000
Set parameter Presolve to value -1
    Opt k=6 (budget=36): width=2.3412, ilp=0.008s, milp=0.016s
Set parameter Method to value 6
Set parameter TimeLimit to value 1000
Set parameter Presolve to value -1
    Van k=6: width=2.5720, milp=0.015s
  Testing total segment budget: 42 (k=7 per spline for Van)
Set parameter Method to value 6
Set parameter TimeLimit to value 1000
Set parameter Presolve to value -1
    Opt k=7 (budget=42): width=2.2265, ilp=0.005s, milp=0.016s
Set parameter Method to value 6
Set parameter TimeLimit to value 1000
Set parameter Presolve to value -1
    Van k=7: width=2.3142, milp=0.015s
  Input sweep allocations: delta-based uses 30 segments (5.0/spline); equal-budget uses 30 (Van k=5 uses 30)
  Testing input width: 0.01 (bounds=(-0.005, 0.005))
Set parameter Method to value 6
Set parameter TimeLimit to value 1000
Set parameter Presolve to value -1
    Opt (delta, 30 segs): width=0.9642, milp=0.017s
Set parameter Method to value 6
Set parameter TimeLimit to value 1000
Set parameter Presolve to value -1
    Opt (eq-budget, 30 segs): width=0.9642, milp=0.016s
Set parameter Method to value 6
Set parameter TimeLimit to value 1000
Set parameter Presolve to value -1
    Van k=5: width=0.9359, milp=0.017s
Set parameter Method to value 6
Set parameter TimeLimit to value 1000
Set parameter Presolve to value -1
    Uniform k=5: width=2.8103, milp=0.016s
  Testing input width: 0.05 (bounds=(-0.025, 0.025))
Set parameter Method to value 6
Set parameter TimeLimit to value 1000
Set parameter Presolve to value -1
    Opt (delta, 30 segs): width=1.0057, milp=0.016s
Set parameter Method to value 6
Set parameter TimeLimit to value 1000
Set parameter Presolve to value -1
    Opt (eq-budget, 30 segs): width=1.0057, milp=0.016s
Set parameter Method to value 6
Set parameter TimeLimit to value 1000
Set parameter Presolve to value -1
    Van k=5: width=0.9685, milp=0.016s
Set parameter Method to value 6
Set parameter TimeLimit to value 1000
Set parameter Presolve to value -1
    Uniform k=5: width=2.8546, milp=0.015s
  Testing input width: 0.1 (bounds=(-0.050, 0.050))
Set parameter Method to value 6
Set parameter TimeLimit to value 1000
Set parameter Presolve to value -1
    Opt (delta, 30 segs): width=1.0306, milp=0.017s
Set parameter Method to value 6
Set parameter TimeLimit to value 1000
Set parameter Presolve to value -1
    Opt (eq-budget, 30 segs): width=1.0306, milp=0.014s
Set parameter Method to value 6
Set parameter TimeLimit to value 1000
Set parameter Presolve to value -1
    Van k=5: width=1.0111, milp=0.016s
Set parameter Method to value 6
Set parameter TimeLimit to value 1000
Set parameter Presolve to value -1
    Uniform k=5: width=2.9098, milp=0.016s
  Testing input width: 0.5 (bounds=(-0.250, 0.250))
Set parameter Method to value 6
Set parameter TimeLimit to value 1000
Set parameter Presolve to value -1
    Opt (delta, 30 segs): width=1.3320, milp=0.015s
Set parameter Method to value 6
Set parameter TimeLimit to value 1000
Set parameter Presolve to value -1
    Opt (eq-budget, 30 segs): width=1.3320, milp=0.016s
Set parameter Method to value 6
Set parameter TimeLimit to value 1000
Set parameter Presolve to value -1
    Van k=5: width=1.2520, milp=0.015s
Set parameter Method to value 6
Set parameter TimeLimit to value 1000
Set parameter Presolve to value -1
    Uniform k=5: width=3.3521, milp=0.016s
  Testing input width: 1.0 (bounds=(-0.500, 0.500))
Set parameter Method to value 6
Set parameter TimeLimit to value 1000
Set parameter Presolve to value -1
    Opt (delta, 30 segs): width=1.7462, milp=0.015s
Set parameter Method to value 6
Set parameter TimeLimit to value 1000
Set parameter Presolve to value -1
    Opt (eq-budget, 30 segs): width=1.7462, milp=0.015s
Set parameter Method to value 6
Set parameter TimeLimit to value 1000
Set parameter Presolve to value -1
    Van k=5: width=1.6449, milp=0.015s
Set parameter Method to value 6
Set parameter TimeLimit to value 1000
Set parameter Presolve to value -1
    Uniform k=5: width=3.8285, milp=0.016s
  Testing input width: 2.0 (bounds=(-1.000, 1.000))
Set parameter Method to value 6
Set parameter TimeLimit to value 1000
Set parameter Presolve to value -1
    Opt (delta, 30 segs): width=2.7321, milp=0.026s
Set parameter Method to value 6
Set parameter TimeLimit to value 1000
Set parameter Presolve to value -1
    Opt (eq-budget, 30 segs): width=2.7321, milp=0.026s
Set parameter Method to value 6
Set parameter TimeLimit to value 1000
Set parameter Presolve to value -1
    Van k=5: width=2.7445, milp=0.016s
Set parameter Method to value 6
Set parameter TimeLimit to value 1000
Set parameter Presolve to value -1
    Uniform k=5: width=4.3208, milp=0.017s
  Testing input width: 5.0 (bounds=(-2.500, 2.500))
Set parameter Method to value 6
Set parameter TimeLimit to value 1000
Set parameter Presolve to value -1
    Opt (delta, 30 segs): width=2.7325, milp=0.016s
Set parameter Method to value 6
Set parameter TimeLimit to value 1000
Set parameter Presolve to value -1
    Opt (eq-budget, 30 segs): width=2.7325, milp=0.016s
Set parameter Method to value 6
Set parameter TimeLimit to value 1000
Set parameter Presolve to value -1
    Van k=5: width=2.7479, milp=0.026s
Set parameter Method to value 6
Set parameter TimeLimit to value 1000
Set parameter Presolve to value -1
    Uniform k=5: width=4.3208, milp=0.016s
Saved graph data to logs/graph_data_functionxy.json

=== functionlegendre ===
  theoretical min error: 1.6960, n_splines: 10, dp_time: 0.056s
  Testing total segment budget: 20 (k=2 per spline for Van)
Set parameter Method to value 6
Set parameter TimeLimit to value 1000
Set parameter Presolve to value -1
    Opt k=2 (budget=20): width=8.4155, ilp=0.008s, milp=0.018s
Set parameter Method to value 6
Set parameter TimeLimit to value 1000
Set parameter Presolve to value -1
    Van k=2: width=11.5704, milp=0.016s
  Testing total segment budget: 30 (k=3 per spline for Van)
Set parameter Method to value 6
Set parameter TimeLimit to value 1000
Set parameter Presolve to value -1
    Opt k=3 (budget=30): width=7.8652, ilp=0.002s, milp=0.014s
Set parameter Method to value 6
Set parameter TimeLimit to value 1000
Set parameter Presolve to value -1
    Van k=3: width=8.9927, milp=0.016s
  Testing total segment budget: 40 (k=4 per spline for Van)
Set parameter Method to value 6
Set parameter TimeLimit to value 1000
Set parameter Presolve to value -1
    Opt k=4 (budget=40): width=6.1773, ilp=0.005s, milp=0.088s
Set parameter Method to value 6
Set parameter TimeLimit to value 1000
Set parameter Presolve to value -1
    Van k=4: width=10.6421, milp=0.024s
  Testing total segment budget: 50 (k=5 per spline for Van)
Set parameter Method to value 6
Set parameter TimeLimit to value 1000
Set parameter Presolve to value -1
    Opt k=5 (budget=50): width=4.9614, ilp=0.003s, milp=0.085s
Set parameter Method to value 6
Set parameter TimeLimit to value 1000
Set parameter Presolve to value -1
    Van k=5: width=8.0009, milp=0.087s
  Testing total segment budget: 60 (k=6 per spline for Van)
Set parameter Method to value 6
Set parameter TimeLimit to value 1000
Set parameter Presolve to value -1
    Opt k=6 (budget=60): width=4.5467, ilp=0.003s, milp=0.107s
Set parameter Method to value 6
Set parameter TimeLimit to value 1000
Set parameter Presolve to value -1
    Van k=6: width=5.6062, milp=0.137s
  Testing total segment budget: 70 (k=7 per spline for Van)
Set parameter Method to value 6
Set parameter TimeLimit to value 1000
Set parameter Presolve to value -1
    Opt k=7 (budget=70): width=4.4798, ilp=0.003s, milp=0.096s
Set parameter Method to value 6
Set parameter TimeLimit to value 1000
Set parameter Presolve to value -1
    Van k=7: width=4.8198, milp=0.096s
  Input sweep allocations: delta-based uses 50 segments (5.0/spline); equal-budget uses 50 (Van k=5 uses 50)
  Testing input width: 0.01 (bounds=(-0.005, 0.005))
Set parameter Method to value 6
Set parameter TimeLimit to value 1000
Set parameter Presolve to value -1
    Opt (delta, 50 segs): width=2.3559, milp=0.014s
Set parameter Method to value 6
Set parameter TimeLimit to value 1000
Set parameter Presolve to value -1
    Opt (eq-budget, 50 segs): width=2.3559, milp=0.018s
Set parameter Method to value 6
Set parameter TimeLimit to value 1000
Set parameter Presolve to value -1
    Van k=5: width=2.4560, milp=0.017s
Set parameter Method to value 6
Set parameter TimeLimit to value 1000
Set parameter Presolve to value -1
    Uniform k=5: width=13.1097, milp=0.016s
  Testing input width: 0.05 (bounds=(-0.025, 0.025))
Set parameter Method to value 6
Set parameter TimeLimit to value 1000
Set parameter Presolve to value -1
    Opt (delta, 50 segs): width=2.3928, milp=0.016s
Set parameter Method to value 6
Set parameter TimeLimit to value 1000
Set parameter Presolve to value -1
    Opt (eq-budget, 50 segs): width=2.3928, milp=0.016s
Set parameter Method to value 6
Set parameter TimeLimit to value 1000
Set parameter Presolve to value -1
    Van k=5: width=2.5069, milp=0.016s
Set parameter Method to value 6
Set parameter TimeLimit to value 1000
Set parameter Presolve to value -1
    Uniform k=5: width=13.1436, milp=0.017s
  Testing input width: 0.1 (bounds=(-0.050, 0.050))
Set parameter Method to value 6
Set parameter TimeLimit to value 1000
Set parameter Presolve to value -1
    Opt (delta, 50 segs): width=2.4390, milp=0.016s
Set parameter Method to value 6
Set parameter TimeLimit to value 1000
Set parameter Presolve to value -1
    Opt (eq-budget, 50 segs): width=2.4390, milp=0.017s
Set parameter Method to value 6
Set parameter TimeLimit to value 1000
Set parameter Presolve to value -1
    Van k=5: width=2.5711, milp=0.015s
Set parameter Method to value 6
Set parameter TimeLimit to value 1000
Set parameter Presolve to value -1
    Uniform k=5: width=13.1920, milp=0.016s
  Testing input width: 0.5 (bounds=(-0.250, 0.250))
Set parameter Method to value 6
Set parameter TimeLimit to value 1000
Set parameter Presolve to value -1
    Opt (delta, 50 segs): width=2.8275, milp=0.016s
Set parameter Method to value 6
Set parameter TimeLimit to value 1000
Set parameter Presolve to value -1
    Opt (eq-budget, 50 segs): width=2.8275, milp=0.016s
Set parameter Method to value 6
Set parameter TimeLimit to value 1000
Set parameter Presolve to value -1
    Van k=5: width=3.0782, milp=0.016s
Set parameter Method to value 6
Set parameter TimeLimit to value 1000
Set parameter Presolve to value -1
    Uniform k=5: width=13.5839, milp=0.016s
  Testing input width: 1.0 (bounds=(-0.500, 0.500))
Set parameter Method to value 6
Set parameter TimeLimit to value 1000
Set parameter Presolve to value -1
    Opt (delta, 50 segs): width=3.4947, milp=0.016s
Set parameter Method to value 6
Set parameter TimeLimit to value 1000
Set parameter Presolve to value -1
    Opt (eq-budget, 50 segs): width=3.4947, milp=0.017s
Set parameter Method to value 6
Set parameter TimeLimit to value 1000
Set parameter Presolve to value -1
    Van k=5: width=3.9329, milp=0.018s
Set parameter Method to value 6
Set parameter TimeLimit to value 1000
Set parameter Presolve to value -1
    Uniform k=5: width=14.9475, milp=0.016s
  Testing input width: 2.0 (bounds=(-1.000, 1.000))
Set parameter Method to value 6
Set parameter TimeLimit to value 1000
Set parameter Presolve to value -1
    Opt (delta, 50 segs): width=4.0852, milp=0.107s
Set parameter Method to value 6
Set parameter TimeLimit to value 1000
Set parameter Presolve to value -1
    Opt (eq-budget, 50 segs): width=4.0852, milp=0.077s
Set parameter Method to value 6
Set parameter TimeLimit to value 1000
Set parameter Presolve to value -1
    Van k=5: width=7.9945, milp=0.067s
Set parameter Method to value 6
Set parameter TimeLimit to value 1000
Set parameter Presolve to value -1
    Uniform k=5: width=15.1456, milp=0.026s
  Testing input width: 5.0 (bounds=(-2.500, 2.500))
Set parameter Method to value 6
Set parameter TimeLimit to value 1000
Set parameter Presolve to value -1
    Opt (delta, 50 segs): width=4.9614, milp=0.109s
Set parameter Method to value 6
Set parameter TimeLimit to value 1000
Set parameter Presolve to value -1
    Opt (eq-budget, 50 segs): width=4.9614, milp=0.108s
Set parameter Method to value 6
Set parameter TimeLimit to value 1000
Set parameter Presolve to value -1
    Van k=5: width=8.0009, milp=0.087s
Set parameter Method to value 6
Set parameter TimeLimit to value 1000
Set parameter Presolve to value -1
    Uniform k=5: width=15.1562, milp=0.016s
Saved graph data to logs/graph_data_functionlegendre.json

=== funcellipeinc ===
  theoretical min error: 1.3577, n_splines: 7, dp_time: 0.082s
  Testing total segment budget: 14 (k=2 per spline for Van)
Set parameter Method to value 6
Set parameter TimeLimit to value 1000
Set parameter Presolve to value -1
    Opt k=2 (budget=14): width=4.6125, ilp=0.004s, milp=0.019s
Set parameter Method to value 6
Set parameter TimeLimit to value 1000
Set parameter Presolve to value -1
    Van k=2: width=4.6106, milp=0.015s
  Testing total segment budget: 21 (k=3 per spline for Van)
Set parameter Method to value 6
Set parameter TimeLimit to value 1000
Set parameter Presolve to value -1
    Opt k=3 (budget=21): width=4.6125, ilp=0.003s, milp=0.017s
Set parameter Method to value 6
Set parameter TimeLimit to value 1000
Set parameter Presolve to value -1
    Van k=3: width=5.0184, milp=0.016s
  Testing total segment budget: 28 (k=4 per spline for Van)
Set parameter Method to value 6
Set parameter TimeLimit to value 1000
Set parameter Presolve to value -1
    Opt k=4 (budget=28): width=4.9694, ilp=0.004s, milp=0.016s
Set parameter Method to value 6
Set parameter TimeLimit to value 1000
Set parameter Presolve to value -1
    Van k=4: width=4.9446, milp=0.017s
  Testing total segment budget: 35 (k=5 per spline for Van)
Set parameter Method to value 6
Set parameter TimeLimit to value 1000
Set parameter Presolve to value -1
    Opt k=5 (budget=35): width=4.9221, ilp=0.002s, milp=0.015s
Set parameter Method to value 6
Set parameter TimeLimit to value 1000
Set parameter Presolve to value -1
    Van k=5: width=4.9694, milp=0.014s
  Testing total segment budget: 42 (k=6 per spline for Van)
Set parameter Method to value 6
Set parameter TimeLimit to value 1000
Set parameter Presolve to value -1
    Opt k=6 (budget=42): width=4.7042, ilp=0.002s, milp=0.025s
Set parameter Method to value 6
Set parameter TimeLimit to value 1000
Set parameter Presolve to value -1
    Van k=6: width=4.7579, milp=0.014s
  Testing total segment budget: 49 (k=7 per spline for Van)
Set parameter Method to value 6
Set parameter TimeLimit to value 1000
Set parameter Presolve to value -1
    Opt k=7 (budget=49): width=4.6300, ilp=0.005s, milp=0.014s
Set parameter Method to value 6
Set parameter TimeLimit to value 1000
Set parameter Presolve to value -1
    Van k=7: width=4.6776, milp=0.024s
  Input sweep allocations: delta-based uses 35 segments (5.0/spline); equal-budget uses 35 (Van k=5 uses 35)
  Testing input width: 0.01 (bounds=(-0.005, 0.005))
Set parameter Method to value 6
Set parameter TimeLimit to value 1000
Set parameter Presolve to value -1
    Opt (delta, 35 segs): width=1.8684, milp=0.015s
Set parameter Method to value 6
Set parameter TimeLimit to value 1000
Set parameter Presolve to value -1
    Opt (eq-budget, 35 segs): width=1.8684, milp=0.015s
Set parameter Method to value 6
Set parameter TimeLimit to value 1000
Set parameter Presolve to value -1
    Van k=5: width=2.0661, milp=0.016s
Set parameter Method to value 6
Set parameter TimeLimit to value 1000
Set parameter Presolve to value -1
    Uniform k=5: width=4.8144, milp=0.015s
  Testing input width: 0.05 (bounds=(-0.025, 0.025))
Set parameter Method to value 6
Set parameter TimeLimit to value 1000
Set parameter Presolve to value -1
    Opt (delta, 35 segs): width=1.9541, milp=0.015s
Set parameter Method to value 6
Set parameter TimeLimit to value 1000
Set parameter Presolve to value -1
    Opt (eq-budget, 35 segs): width=1.9541, milp=0.017s
Set parameter Method to value 6
Set parameter TimeLimit to value 1000
Set parameter Presolve to value -1
    Van k=5: width=2.1388, milp=0.016s
Set parameter Method to value 6
Set parameter TimeLimit to value 1000
Set parameter Presolve to value -1
    Uniform k=5: width=4.8144, milp=0.015s
  Testing input width: 0.1 (bounds=(-0.050, 0.050))
Set parameter Method to value 6
Set parameter TimeLimit to value 1000
Set parameter Presolve to value -1
    Opt (delta, 35 segs): width=2.0548, milp=0.015s
Set parameter Method to value 6
Set parameter TimeLimit to value 1000
Set parameter Presolve to value -1
    Opt (eq-budget, 35 segs): width=2.0548, milp=0.016s
Set parameter Method to value 6
Set parameter TimeLimit to value 1000
Set parameter Presolve to value -1
    Van k=5: width=2.2297, milp=0.015s
Set parameter Method to value 6
Set parameter TimeLimit to value 1000
Set parameter Presolve to value -1
    Uniform k=5: width=4.8144, milp=0.015s
  Testing input width: 0.5 (bounds=(-0.250, 0.250))
Set parameter Method to value 6
Set parameter TimeLimit to value 1000
Set parameter Presolve to value -1
    Opt (delta, 35 segs): width=3.1009, milp=0.017s
Set parameter Method to value 6
Set parameter TimeLimit to value 1000
Set parameter Presolve to value -1
    Opt (eq-budget, 35 segs): width=3.1009, milp=0.015s
Set parameter Method to value 6
Set parameter TimeLimit to value 1000
Set parameter Presolve to value -1
    Van k=5: width=3.0495, milp=0.015s
Set parameter Method to value 6
Set parameter TimeLimit to value 1000
Set parameter Presolve to value -1
    Uniform k=5: width=4.8144, milp=0.016s
  Testing input width: 1.0 (bounds=(-0.500, 0.500))
Set parameter Method to value 6
Set parameter TimeLimit to value 1000
Set parameter Presolve to value -1
    Opt (delta, 35 segs): width=4.0668, milp=0.016s
Set parameter Method to value 6
Set parameter TimeLimit to value 1000
Set parameter Presolve to value -1
    Opt (eq-budget, 35 segs): width=4.0668, milp=0.016s
Set parameter Method to value 6
Set parameter TimeLimit to value 1000
Set parameter Presolve to value -1
    Van k=5: width=4.0593, milp=0.015s
Set parameter Method to value 6
Set parameter TimeLimit to value 1000
Set parameter Presolve to value -1
    Uniform k=5: width=4.8144, milp=0.015s
  Testing input width: 2.0 (bounds=(-1.000, 1.000))
Set parameter Method to value 6
Set parameter TimeLimit to value 1000
Set parameter Presolve to value -1
    Opt (delta, 35 segs): width=4.8679, milp=0.016s
Set parameter Method to value 6
Set parameter TimeLimit to value 1000
Set parameter Presolve to value -1
    Opt (eq-budget, 35 segs): width=4.8679, milp=0.016s
Set parameter Method to value 6
Set parameter TimeLimit to value 1000
Set parameter Presolve to value -1
    Van k=5: width=4.9694, milp=0.015s
Set parameter Method to value 6
Set parameter TimeLimit to value 1000
Set parameter Presolve to value -1
    Uniform k=5: width=4.8144, milp=0.016s
  Testing input width: 5.0 (bounds=(-2.500, 2.500))
Set parameter Method to value 6
Set parameter TimeLimit to value 1000
Set parameter Presolve to value -1
    Opt (delta, 35 segs): width=4.9221, milp=0.016s
Set parameter Method to value 6
Set parameter TimeLimit to value 1000
Set parameter Presolve to value -1
    Opt (eq-budget, 35 segs): width=4.9221, milp=0.016s
Set parameter Method to value 6
Set parameter TimeLimit to value 1000
Set parameter Presolve to value -1
    Van k=5: width=4.9694, milp=0.016s
Set parameter Method to value 6
Set parameter TimeLimit to value 1000
Set parameter Presolve to value -1
    Uniform k=5: width=4.8144, milp=0.014s
Saved graph data to logs/graph_data_funcellipeinc.json

=== funcellipkinc ===
  theoretical min error: 4.8924, n_splines: 7, dp_time: 0.080s
  Testing total segment budget: 14 (k=2 per spline for Van)
Set parameter Method to value 6
Set parameter TimeLimit to value 1000
Set parameter Presolve to value -1
    Opt k=2 (budget=14): width=8.7781, ilp=0.004s, milp=0.018s
Set parameter Method to value 6
Set parameter TimeLimit to value 1000
Set parameter Presolve to value -1
    Van k=2: width=6.4193, milp=0.016s
  Testing total segment budget: 21 (k=3 per spline for Van)
Set parameter Method to value 6
Set parameter TimeLimit to value 1000
Set parameter Presolve to value -1
    Opt k=3 (budget=21): width=8.7781, ilp=0.003s, milp=0.016s
Set parameter Method to value 6
Set parameter TimeLimit to value 1000
Set parameter Presolve to value -1
    Van k=3: width=7.6226, milp=0.016s
  Testing total segment budget: 28 (k=4 per spline for Van)
Set parameter Method to value 6
Set parameter TimeLimit to value 1000
Set parameter Presolve to value -1
    Opt k=4 (budget=28): width=6.3160, ilp=0.003s, milp=0.016s
Set parameter Method to value 6
Set parameter TimeLimit to value 1000
Set parameter Presolve to value -1
    Van k=4: width=6.4570, milp=0.016s
  Testing total segment budget: 35 (k=5 per spline for Van)
Set parameter Method to value 6
Set parameter TimeLimit to value 1000
Set parameter Presolve to value -1
    Opt k=5 (budget=35): width=6.4570, ilp=0.003s, milp=0.016s
Set parameter Method to value 6
Set parameter TimeLimit to value 1000
Set parameter Presolve to value -1
    Van k=5: width=6.7033, milp=0.016s
  Testing total segment budget: 42 (k=6 per spline for Van)
Set parameter Method to value 6
Set parameter TimeLimit to value 1000
Set parameter Presolve to value -1
    Opt k=6 (budget=42): width=6.4570, ilp=0.005s, milp=0.015s
Set parameter Method to value 6
Set parameter TimeLimit to value 1000
Set parameter Presolve to value -1
    Van k=6: width=6.6523, milp=0.025s
  Testing total segment budget: 49 (k=7 per spline for Van)
Set parameter Method to value 6
Set parameter TimeLimit to value 1000
Set parameter Presolve to value -1
    Opt k=7 (budget=49): width=6.4570, ilp=0.004s, milp=0.016s
Set parameter Method to value 6
Set parameter TimeLimit to value 1000
Set parameter Presolve to value -1
    Van k=7: width=6.6139, milp=0.016s
  Input sweep allocations: delta-based uses 35 segments (5.0/spline); equal-budget uses 35 (Van k=5 uses 35)
  Testing input width: 0.01 (bounds=(-0.005, 0.005))
Set parameter Method to value 6
Set parameter TimeLimit to value 1000
Set parameter Presolve to value -1
    Opt (delta, 35 segs): width=4.8437, milp=0.016s
Set parameter Method to value 6
Set parameter TimeLimit to value 1000
Set parameter Presolve to value -1
    Opt (eq-budget, 35 segs): width=4.8437, milp=0.016s
Set parameter Method to value 6
Set parameter TimeLimit to value 1000
Set parameter Presolve to value -1
    Van k=5: width=4.8964, milp=0.016s
Set parameter Method to value 6
Set parameter TimeLimit to value 1000
Set parameter Presolve to value -1
    Uniform k=5: width=8.2282, milp=0.017s
  Testing input width: 0.05 (bounds=(-0.025, 0.025))
Set parameter Method to value 6
Set parameter TimeLimit to value 1000
Set parameter Presolve to value -1
    Opt (delta, 35 segs): width=4.9034, milp=0.017s
Set parameter Method to value 6
Set parameter TimeLimit to value 1000
Set parameter Presolve to value -1
    Opt (eq-budget, 35 segs): width=4.9034, milp=0.016s
Set parameter Method to value 6
Set parameter TimeLimit to value 1000
Set parameter Presolve to value -1
    Van k=5: width=4.9878, milp=0.016s
Set parameter Method to value 6
Set parameter TimeLimit to value 1000
Set parameter Presolve to value -1
    Uniform k=5: width=8.2312, milp=0.017s
  Testing input width: 0.1 (bounds=(-0.050, 0.050))
Set parameter Method to value 6
Set parameter TimeLimit to value 1000
Set parameter Presolve to value -1
    Opt (delta, 35 segs): width=4.9764, milp=0.017s
Set parameter Method to value 6
Set parameter TimeLimit to value 1000
Set parameter Presolve to value -1
    Opt (eq-budget, 35 segs): width=4.9764, milp=0.017s
Set parameter Method to value 6
Set parameter TimeLimit to value 1000
Set parameter Presolve to value -1
    Van k=5: width=5.1019, milp=0.016s
Set parameter Method to value 6
Set parameter TimeLimit to value 1000
Set parameter Presolve to value -1
    Uniform k=5: width=8.2350, milp=0.016s
  Testing input width: 0.5 (bounds=(-0.250, 0.250))
Set parameter Method to value 6
Set parameter TimeLimit to value 1000
Set parameter Presolve to value -1
    Opt (delta, 35 segs): width=5.5524, milp=0.016s
Set parameter Method to value 6
Set parameter TimeLimit to value 1000
Set parameter Presolve to value -1
    Opt (eq-budget, 35 segs): width=5.5524, milp=0.016s
Set parameter Method to value 6
Set parameter TimeLimit to value 1000
Set parameter Presolve to value -1
    Van k=5: width=6.0153, milp=0.016s
Set parameter Method to value 6
Set parameter TimeLimit to value 1000
Set parameter Presolve to value -1
    Uniform k=5: width=8.2462, milp=0.016s
  Testing input width: 1.0 (bounds=(-0.500, 0.500))
Set parameter Method to value 6
Set parameter TimeLimit to value 1000
Set parameter Presolve to value -1
    Opt (delta, 35 segs): width=6.2783, milp=0.016s
Set parameter Method to value 6
Set parameter TimeLimit to value 1000
Set parameter Presolve to value -1
    Opt (eq-budget, 35 segs): width=6.2783, milp=0.016s
Set parameter Method to value 6
Set parameter TimeLimit to value 1000
Set parameter Presolve to value -1
    Van k=5: width=6.7033, milp=0.014s
Set parameter Method to value 6
Set parameter TimeLimit to value 1000
Set parameter Presolve to value -1
    Uniform k=5: width=8.2462, milp=0.015s
  Testing input width: 2.0 (bounds=(-1.000, 1.000))
Set parameter Method to value 6
Set parameter TimeLimit to value 1000
Set parameter Presolve to value -1
    Opt (delta, 35 segs): width=6.4570, milp=0.016s
Set parameter Method to value 6
Set parameter TimeLimit to value 1000
Set parameter Presolve to value -1
    Opt (eq-budget, 35 segs): width=6.4570, milp=0.014s
Set parameter Method to value 6
Set parameter TimeLimit to value 1000
Set parameter Presolve to value -1
    Van k=5: width=6.7033, milp=0.025s
Set parameter Method to value 6
Set parameter TimeLimit to value 1000
Set parameter Presolve to value -1
    Uniform k=5: width=8.2462, milp=0.014s
  Testing input width: 5.0 (bounds=(-2.500, 2.500))
Set parameter Method to value 6
Set parameter TimeLimit to value 1000
Set parameter Presolve to value -1
    Opt (delta, 35 segs): width=6.4570, milp=0.015s
Set parameter Method to value 6
Set parameter TimeLimit to value 1000
Set parameter Presolve to value -1
    Opt (eq-budget, 35 segs): width=6.4570, milp=0.014s
Set parameter Method to value 6
Set parameter TimeLimit to value 1000
Set parameter Presolve to value -1
    Van k=5: width=6.7033, milp=0.014s
Set parameter Method to value 6
Set parameter TimeLimit to value 1000
Set parameter Presolve to value -1
    Uniform k=5: width=8.2462, milp=0.016s
Saved graph data to logs/graph_data_funcellipkinc.json

=== funcsphharm ===
  theoretical min error: 2.7664, n_splines: 14, dp_time: 0.110s
  Testing total segment budget: 28 (k=2 per spline for Van)
Set parameter Method to value 6
Set parameter TimeLimit to value 1000
Set parameter Presolve to value -1
    Opt k=2 (budget=28): width=5.4772, ilp=0.006s, milp=0.017s
Set parameter Method to value 6
Set parameter TimeLimit to value 1000
Set parameter Presolve to value -1
    Van k=2: width=5.0764, milp=0.016s
  Testing total segment budget: 42 (k=3 per spline for Van)
Set parameter Method to value 6
Set parameter TimeLimit to value 1000
Set parameter Presolve to value -1
    Opt k=3 (budget=42): width=5.4772, ilp=0.008s, milp=0.016s
Set parameter Method to value 6
Set parameter TimeLimit to value 1000
Set parameter Presolve to value -1
    Van k=3: width=5.3856, milp=0.016s
  Testing total segment budget: 56 (k=4 per spline for Van)
Set parameter Method to value 6
Set parameter TimeLimit to value 1000
Set parameter Presolve to value -1
    Opt k=4 (budget=56): width=5.3482, ilp=0.003s, milp=0.025s
Set parameter Method to value 6
Set parameter TimeLimit to value 1000
Set parameter Presolve to value -1
    Van k=4: width=5.8659, milp=0.015s
  Testing total segment budget: 70 (k=5 per spline for Van)
Set parameter Method to value 6
Set parameter TimeLimit to value 1000
Set parameter Presolve to value -1
    Opt k=5 (budget=70): width=5.2555, ilp=0.003s, milp=0.066s
Set parameter Method to value 6
Set parameter TimeLimit to value 1000
Set parameter Presolve to value -1
    Van k=5: width=5.4906, milp=0.063s
  Testing total segment budget: 84 (k=6 per spline for Van)
Set parameter Method to value 6
Set parameter TimeLimit to value 1000
Set parameter Presolve to value -1
    Opt k=6 (budget=84): width=5.3502, ilp=0.007s, milp=0.056s
Set parameter Method to value 6
Set parameter TimeLimit to value 1000
Set parameter Presolve to value -1
    Van k=6: width=5.4615, milp=0.047s
  Testing total segment budget: 98 (k=7 per spline for Van)
Set parameter Method to value 6
Set parameter TimeLimit to value 1000
Set parameter Presolve to value -1
    Opt k=7 (budget=98): width=4.8841, ilp=0.005s, milp=0.098s
Set parameter Method to value 6
Set parameter TimeLimit to value 1000
Set parameter Presolve to value -1
    Van k=7: width=5.0425, milp=0.045s
  Input sweep allocations: delta-based uses 70 segments (5.0/spline); equal-budget uses 70 (Van k=5 uses 70)
  Testing input width: 0.01 (bounds=(-0.005, 0.005))
Set parameter Method to value 6
Set parameter TimeLimit to value 1000
Set parameter Presolve to value -1
    Opt (delta, 70 segs): width=2.5887, milp=0.014s
Set parameter Method to value 6
Set parameter TimeLimit to value 1000
Set parameter Presolve to value -1
    Opt (eq-budget, 70 segs): width=2.5887, milp=0.014s
Set parameter Method to value 6
Set parameter TimeLimit to value 1000
Set parameter Presolve to value -1
    Van k=5: width=3.7221, milp=0.015s
Set parameter Method to value 6
Set parameter TimeLimit to value 1000
Set parameter Presolve to value -1
    Uniform k=5: width=5.6068, milp=0.015s
  Testing input width: 0.05 (bounds=(-0.025, 0.025))
Set parameter Method to value 6
Set parameter TimeLimit to value 1000
Set parameter Presolve to value -1
    Opt (delta, 70 segs): width=2.6476, milp=0.015s
Set parameter Method to value 6
Set parameter TimeLimit to value 1000
Set parameter Presolve to value -1
    Opt (eq-budget, 70 segs): width=2.6476, milp=0.015s
Set parameter Method to value 6
Set parameter TimeLimit to value 1000
Set parameter Presolve to value -1
    Van k=5: width=3.8391, milp=0.013s
Set parameter Method to value 6
Set parameter TimeLimit to value 1000
Set parameter Presolve to value -1
    Uniform k=5: width=5.6069, milp=0.014s
  Testing input width: 0.1 (bounds=(-0.050, 0.050))
Set parameter Method to value 6
Set parameter TimeLimit to value 1000
Set parameter Presolve to value -1
    Opt (delta, 70 segs): width=2.7237, milp=0.014s
Set parameter Method to value 6
Set parameter TimeLimit to value 1000
Set parameter Presolve to value -1
    Opt (eq-budget, 70 segs): width=2.7237, milp=0.014s
Set parameter Method to value 6
Set parameter TimeLimit to value 1000
Set parameter Presolve to value -1
    Van k=5: width=3.9458, milp=0.014s
Set parameter Method to value 6
Set parameter TimeLimit to value 1000
Set parameter Presolve to value -1
    Uniform k=5: width=5.6069, milp=0.014s
  Testing input width: 0.5 (bounds=(-0.250, 0.250))
Set parameter Method to value 6
Set parameter TimeLimit to value 1000
Set parameter Presolve to value -1
    Opt (delta, 70 segs): width=3.2393, milp=0.014s
Set parameter Method to value 6
Set parameter TimeLimit to value 1000
Set parameter Presolve to value -1
    Opt (eq-budget, 70 segs): width=3.2393, milp=0.014s
Set parameter Method to value 6
Set parameter TimeLimit to value 1000
Set parameter Presolve to value -1
    Van k=5: width=4.5876, milp=0.014s
Set parameter Method to value 6
Set parameter TimeLimit to value 1000
Set parameter Presolve to value -1
    Uniform k=5: width=5.6072, milp=0.015s
  Testing input width: 1.0 (bounds=(-0.500, 0.500))
Set parameter Method to value 6
Set parameter TimeLimit to value 1000
Set parameter Presolve to value -1
    Opt (delta, 70 segs): width=4.0350, milp=0.014s
Set parameter Method to value 6
Set parameter TimeLimit to value 1000
Set parameter Presolve to value -1
    Opt (eq-budget, 70 segs): width=4.0350, milp=0.014s
Set parameter Method to value 6
Set parameter TimeLimit to value 1000
Set parameter Presolve to value -1
    Van k=5: width=5.1491, milp=0.024s
Set parameter Method to value 6
Set parameter TimeLimit to value 1000
Set parameter Presolve to value -1
    Uniform k=5: width=5.6241, milp=0.015s
  Testing input width: 2.0 (bounds=(-1.000, 1.000))
Set parameter Method to value 6
Set parameter TimeLimit to value 1000
Set parameter Presolve to value -1
    Opt (delta, 70 segs): width=5.2555, milp=0.025s
Set parameter Method to value 6
Set parameter TimeLimit to value 1000
Set parameter Presolve to value -1
    Opt (eq-budget, 70 segs): width=5.2555, milp=0.035s
Set parameter Method to value 6
Set parameter TimeLimit to value 1000
Set parameter Presolve to value -1
    Van k=5: width=5.4906, milp=0.015s
Set parameter Method to value 6
Set parameter TimeLimit to value 1000
Set parameter Presolve to value -1
    Uniform k=5: width=5.6810, milp=0.014s
  Testing input width: 5.0 (bounds=(-2.500, 2.500))
Set parameter Method to value 6
Set parameter TimeLimit to value 1000
Set parameter Presolve to value -1
    Opt (delta, 70 segs): width=5.2555, milp=0.056s
Set parameter Method to value 6
Set parameter TimeLimit to value 1000
Set parameter Presolve to value -1
    Opt (eq-budget, 70 segs): width=5.2555, milp=0.056s
Set parameter Method to value 6
Set parameter TimeLimit to value 1000
Set parameter Presolve to value -1
    Van k=5: width=5.4906, milp=0.034s
Set parameter Method to value 6
Set parameter TimeLimit to value 1000
Set parameter Presolve to value -1
    Uniform k=5: width=5.6833, milp=0.026s
Saved graph data to logs/graph_data_funcsphharm.json

=== functionexp4 ===
  theoretical min error: 10.6543, n_splines: 26, dp_time: 0.115s
  Testing total segment budget: 52 (k=2 per spline for Van)
Set parameter Method to value 6
Set parameter TimeLimit to value 1000
Set parameter Presolve to value -1
    Opt k=2 (budget=52): width=8.4140, ilp=0.013s, milp=0.019s
Set parameter Method to value 6
Set parameter TimeLimit to value 1000
Set parameter Presolve to value -1
    Van k=2: width=7.2055, milp=0.017s
  Testing total segment budget: 78 (k=3 per spline for Van)
Set parameter Method to value 6
Set parameter TimeLimit to value 1000
Set parameter Presolve to value -1
    Opt k=3 (budget=78): width=8.3114, ilp=0.013s, milp=0.027s
Set parameter Method to value 6
Set parameter TimeLimit to value 1000
Set parameter Presolve to value -1
    Van k=3: width=8.1081, milp=0.026s
  Testing total segment budget: 104 (k=4 per spline for Van)
Set parameter Method to value 6
Set parameter TimeLimit to value 1000
Set parameter Presolve to value -1
    Opt k=4 (budget=104): width=7.0499, ilp=0.015s, milp=0.079s
Set parameter Method to value 6
Set parameter TimeLimit to value 1000
Set parameter Presolve to value -1
    Van k=4: width=8.0179, milp=0.120s
  Testing total segment budget: 130 (k=5 per spline for Van)
Set parameter Method to value 6
Set parameter TimeLimit to value 1000
Set parameter Presolve to value -1
    Opt k=5 (budget=130): width=6.7136, ilp=0.011s, milp=0.078s
Set parameter Method to value 6
Set parameter TimeLimit to value 1000
Set parameter Presolve to value -1
    Van k=5: width=7.1718, milp=0.509s
  Testing total segment budget: 156 (k=6 per spline for Van)
Set parameter Method to value 6
Set parameter TimeLimit to value 1000
Set parameter Presolve to value -1
    Opt k=6 (budget=156): width=6.1802, ilp=0.019s, milp=0.858s
Set parameter Method to value 6
Set parameter TimeLimit to value 1000
Set parameter Presolve to value -1
    Van k=6: width=6.5361, milp=0.639s
  Testing total segment budget: 182 (k=7 per spline for Van)
Set parameter Method to value 6
Set parameter TimeLimit to value 1000
Set parameter Presolve to value -1
    Opt k=7 (budget=182): width=5.7023, ilp=0.015s, milp=1.467s
Set parameter Method to value 6
Set parameter TimeLimit to value 1000
Set parameter Presolve to value -1
    Van k=7: width=5.8610, milp=2.397s
  Input sweep allocations: delta-based uses 130 segments (5.0/spline); equal-budget uses 130 (Van k=5 uses 130)
  Testing input width: 0.01 (bounds=(-0.005, 0.005))
Set parameter Method to value 6
Set parameter TimeLimit to value 1000
Set parameter Presolve to value -1
    Opt (delta, 130 segs): width=5.3606, milp=0.019s
Set parameter Method to value 6
Set parameter TimeLimit to value 1000
Set parameter Presolve to value -1
    Opt (eq-budget, 130 segs): width=5.3606, milp=0.019s
Set parameter Method to value 6
Set parameter TimeLimit to value 1000
Set parameter Presolve to value -1
    Van k=5: width=5.7048, milp=0.017s
Set parameter Method to value 6
Set parameter TimeLimit to value 1000
Set parameter Presolve to value -1
    Uniform k=5: width=9.7530, milp=0.017s
  Testing input width: 0.05 (bounds=(-0.025, 0.025))
Set parameter Method to value 6
Set parameter TimeLimit to value 1000
Set parameter Presolve to value -1
    Opt (delta, 130 segs): width=5.4047, milp=0.016s
Set parameter Method to value 6
Set parameter TimeLimit to value 1000
Set parameter Presolve to value -1
    Opt (eq-budget, 130 segs): width=5.4047, milp=0.016s
Set parameter Method to value 6
Set parameter TimeLimit to value 1000
Set parameter Presolve to value -1
    Van k=5: width=5.7284, milp=0.016s
Set parameter Method to value 6
Set parameter TimeLimit to value 1000
Set parameter Presolve to value -1
    Uniform k=5: width=9.7530, milp=0.016s
  Testing input width: 0.1 (bounds=(-0.050, 0.050))
Set parameter Method to value 6
Set parameter TimeLimit to value 1000
Set parameter Presolve to value -1
    Opt (delta, 130 segs): width=5.4341, milp=0.016s
Set parameter Method to value 6
Set parameter TimeLimit to value 1000
Set parameter Presolve to value -1
    Opt (eq-budget, 130 segs): width=5.4341, milp=0.017s
Set parameter Method to value 6
Set parameter TimeLimit to value 1000
Set parameter Presolve to value -1
    Van k=5: width=5.6799, milp=0.017s
Set parameter Method to value 6
Set parameter TimeLimit to value 1000
Set parameter Presolve to value -1
    Uniform k=5: width=9.7530, milp=0.016s
  Testing input width: 0.5 (bounds=(-0.250, 0.250))
Set parameter Method to value 6
Set parameter TimeLimit to value 1000
Set parameter Presolve to value -1
    Opt (delta, 130 segs): width=5.6347, milp=0.016s
Set parameter Method to value 6
Set parameter TimeLimit to value 1000
Set parameter Presolve to value -1
    Opt (eq-budget, 130 segs): width=5.6347, milp=0.014s
Set parameter Method to value 6
Set parameter TimeLimit to value 1000
Set parameter Presolve to value -1
    Van k=5: width=6.0980, milp=0.024s
Set parameter Method to value 6
Set parameter TimeLimit to value 1000
Set parameter Presolve to value -1
    Uniform k=5: width=9.7533, milp=0.015s
  Testing input width: 1.0 (bounds=(-0.500, 0.500))
Set parameter Method to value 6
Set parameter TimeLimit to value 1000
Set parameter Presolve to value -1
    Opt (delta, 130 segs): width=6.1272, milp=0.038s
Set parameter Method to value 6
Set parameter TimeLimit to value 1000
Set parameter Presolve to value -1
    Opt (eq-budget, 130 segs): width=6.1272, milp=0.038s
Set parameter Method to value 6
Set parameter TimeLimit to value 1000
Set parameter Presolve to value -1
    Van k=5: width=6.3353, milp=0.048s
Set parameter Method to value 6
Set parameter TimeLimit to value 1000
Set parameter Presolve to value -1
    Uniform k=5: width=9.7629, milp=0.017s
  Testing input width: 2.0 (bounds=(-1.000, 1.000))
Set parameter Method to value 6
Set parameter TimeLimit to value 1000
Set parameter Presolve to value -1
    Opt (delta, 130 segs): width=6.3326, milp=0.090s
Set parameter Method to value 6
Set parameter TimeLimit to value 1000
Set parameter Presolve to value -1
    Opt (eq-budget, 130 segs): width=6.3326, milp=0.101s
Set parameter Method to value 6
Set parameter TimeLimit to value 1000
Set parameter Presolve to value -1
    Van k=5: width=7.0891, milp=0.090s
Set parameter Method to value 6
Set parameter TimeLimit to value 1000
Set parameter Presolve to value -1
    Uniform k=5: width=9.8020, milp=0.028s
  Testing input width: 5.0 (bounds=(-2.500, 2.500))
Set parameter Method to value 6
Set parameter TimeLimit to value 1000
Set parameter Presolve to value -1
    Opt (delta, 130 segs): width=6.7136, milp=0.056s
Set parameter Method to value 6
Set parameter TimeLimit to value 1000
Set parameter Presolve to value -1
    Opt (eq-budget, 130 segs): width=6.7136, milp=0.077s
Set parameter Method to value 6
Set parameter TimeLimit to value 1000
Set parameter Presolve to value -1
    Van k=5: width=7.1718, milp=0.506s
Set parameter Method to value 6
Set parameter TimeLimit to value 1000
Set parameter Presolve to value -1
    Uniform k=5: width=9.8209, milp=0.029s
Saved graph data to logs/graph_data_functionexp4.json

=== pinnheat ===
  theoretical min error: 2.3163, n_splines: 42, dp_time: 0.144s
  Testing total segment budget: 84 (k=2 per spline for Van)
Set parameter Method to value 6
Set parameter TimeLimit to value 1000
Set parameter Presolve to value -1
    Opt k=2 (budget=84): width=2.0454, ilp=0.024s, milp=0.019s
Set parameter Method to value 6
Set parameter TimeLimit to value 1000
Set parameter Presolve to value -1
    Van k=2: width=1.7230, milp=0.018s
  Testing total segment budget: 126 (k=3 per spline for Van)
Set parameter Method to value 6
Set parameter TimeLimit to value 1000
Set parameter Presolve to value -1
    Opt k=3 (budget=126): width=1.8778, ilp=0.019s, milp=0.039s
Set parameter Method to value 6
Set parameter TimeLimit to value 1000
Set parameter Presolve to value -1
    Van k=3: width=1.7402, milp=0.038s
  Testing total segment budget: 168 (k=4 per spline for Van)
Set parameter Method to value 6
Set parameter TimeLimit to value 1000
Set parameter Presolve to value -1
    Opt k=4 (budget=168): width=1.7631, ilp=0.021s, milp=0.060s
Set parameter Method to value 6
Set parameter TimeLimit to value 1000
Set parameter Presolve to value -1
    Van k=4: width=1.7631, milp=0.038s
  Testing total segment budget: 210 (k=5 per spline for Van)
Set parameter Method to value 6
Set parameter TimeLimit to value 1000
Set parameter Presolve to value -1
    Opt k=5 (budget=210): width=1.7631, ilp=0.023s, milp=0.049s
Set parameter Method to value 6
Set parameter TimeLimit to value 1000
Set parameter Presolve to value -1
    Van k=5: width=1.8567, milp=0.070s
  Testing total segment budget: 252 (k=6 per spline for Van)
Set parameter Method to value 6
Set parameter TimeLimit to value 1000
Set parameter Presolve to value -1
    Opt k=6 (budget=252): width=1.8141, ilp=0.027s, milp=0.072s
Set parameter Method to value 6
Set parameter TimeLimit to value 1000
Set parameter Presolve to value -1
    Van k=6: width=1.7968, milp=0.152s
  Testing total segment budget: 294 (k=7 per spline for Van)
Set parameter Method to value 6
Set parameter TimeLimit to value 1000
Set parameter Presolve to value -1
    Opt k=7 (budget=294): width=1.7533, ilp=0.025s, milp=0.162s
Set parameter Method to value 6
Set parameter TimeLimit to value 1000
Set parameter Presolve to value -1
    Van k=7: width=1.7662, milp=0.150s
  Input sweep allocations: delta-based uses 210 segments (5.0/spline); equal-budget uses 210 (Van k=5 uses 210)
  Testing input width: 0.01 (bounds=(-0.005, 0.005))
Set parameter Method to value 6
Set parameter TimeLimit to value 1000
Set parameter Presolve to value -1
    Opt (delta, 210 segs): width=1.7631, milp=0.017s
Set parameter Method to value 6
Set parameter TimeLimit to value 1000
Set parameter Presolve to value -1
    Opt (eq-budget, 210 segs): width=1.7631, milp=0.016s
Set parameter Method to value 6
Set parameter TimeLimit to value 1000
Set parameter Presolve to value -1
    Van k=5: width=1.8523, milp=0.018s
Set parameter Method to value 6
Set parameter TimeLimit to value 1000
Set parameter Presolve to value -1
    Uniform k=5: width=1.9080, milp=0.016s
  Testing input width: 0.05 (bounds=(-0.025, 0.025))
Set parameter Method to value 6
Set parameter TimeLimit to value 1000
Set parameter Presolve to value -1
    Opt (delta, 210 segs): width=1.7631, milp=0.017s
Set parameter Method to value 6
Set parameter TimeLimit to value 1000
Set parameter Presolve to value -1
    Opt (eq-budget, 210 segs): width=1.7631, milp=0.017s
Set parameter Method to value 6
Set parameter TimeLimit to value 1000
Set parameter Presolve to value -1
    Van k=5: width=1.8532, milp=0.017s
Set parameter Method to value 6
Set parameter TimeLimit to value 1000
Set parameter Presolve to value -1
    Uniform k=5: width=1.9080, milp=0.017s
  Testing input width: 0.1 (bounds=(-0.050, 0.050))
Set parameter Method to value 6
Set parameter TimeLimit to value 1000
Set parameter Presolve to value -1
    Opt (delta, 210 segs): width=1.7631, milp=0.018s
Set parameter Method to value 6
Set parameter TimeLimit to value 1000
Set parameter Presolve to value -1
    Opt (eq-budget, 210 segs): width=1.7631, milp=0.102s
Set parameter Method to value 6
Set parameter TimeLimit to value 1000
Set parameter Presolve to value -1
    Van k=5: width=1.8543, milp=0.024s
Set parameter Method to value 6
Set parameter TimeLimit to value 1000
Set parameter Presolve to value -1
    Uniform k=5: width=1.9080, milp=0.017s
  Testing input width: 0.5 (bounds=(-0.250, 0.250))
Set parameter Method to value 6
Set parameter TimeLimit to value 1000
Set parameter Presolve to value -1
    Opt (delta, 210 segs): width=1.7631, milp=0.017s
Set parameter Method to value 6
Set parameter TimeLimit to value 1000
Set parameter Presolve to value -1
    Opt (eq-budget, 210 segs): width=1.7631, milp=0.028s
Set parameter Method to value 6
Set parameter TimeLimit to value 1000
Set parameter Presolve to value -1
    Van k=5: width=1.8567, milp=0.018s
Set parameter Method to value 6
Set parameter TimeLimit to value 1000
Set parameter Presolve to value -1
    Uniform k=5: width=1.9080, milp=0.027s
  Testing input width: 1.0 (bounds=(-0.500, 0.500))
Set parameter Method to value 6
Set parameter TimeLimit to value 1000
Set parameter Presolve to value -1
    Opt (delta, 210 segs): width=1.7631, milp=0.027s
Set parameter Method to value 6
Set parameter TimeLimit to value 1000
Set parameter Presolve to value -1
    Opt (eq-budget, 210 segs): width=1.7631, milp=0.018s
Set parameter Method to value 6
Set parameter TimeLimit to value 1000
Set parameter Presolve to value -1
    Van k=5: width=1.8567, milp=0.025s
Set parameter Method to value 6
Set parameter TimeLimit to value 1000
Set parameter Presolve to value -1
    Uniform k=5: width=1.9080, milp=0.036s
  Testing input width: 2.0 (bounds=(-1.000, 1.000))
Set parameter Method to value 6
Set parameter TimeLimit to value 1000
Set parameter Presolve to value -1
    Opt (delta, 210 segs): width=1.7631, milp=0.047s
Set parameter Method to value 6
Set parameter TimeLimit to value 1000
Set parameter Presolve to value -1
    Opt (eq-budget, 210 segs): width=1.7631, milp=0.049s
Set parameter Method to value 6
Set parameter TimeLimit to value 1000
Set parameter Presolve to value -1
    Van k=5: width=1.8567, milp=0.088s
Set parameter Method to value 6
Set parameter TimeLimit to value 1000
Set parameter Presolve to value -1
    Uniform k=5: width=1.9080, milp=0.046s
  Testing input width: 5.0 (bounds=(-2.500, 2.500))
Set parameter Method to value 6
Set parameter TimeLimit to value 1000
Set parameter Presolve to value -1
    Opt (delta, 210 segs): width=1.7631, milp=0.069s
Set parameter Method to value 6
Set parameter TimeLimit to value 1000
Set parameter Presolve to value -1
    Opt (eq-budget, 210 segs): width=1.7631, milp=0.080s
Set parameter Method to value 6
Set parameter TimeLimit to value 1000
Set parameter Presolve to value -1
    Van k=5: width=1.8567, milp=0.058s
Set parameter Method to value 6
Set parameter TimeLimit to value 1000
Set parameter Presolve to value -1
    Uniform k=5: width=1.9080, milp=0.049s
Saved graph data to logs/graph_data_pinnheat.json

=== functionexp100 ===
  theoretical min error: 0.9726, n_splines: 101, dp_time: 0.348s
  Testing total segment budget: 202 (k=2 per spline for Van)
Set parameter Method to value 6
Set parameter TimeLimit to value 1000
Set parameter Presolve to value -1
    Opt k=2 (budget=202): width=1.9138, ilp=0.054s, milp=0.030s
Set parameter Method to value 6
Set parameter TimeLimit to value 1000
Set parameter Presolve to value -1
    Van k=2: width=2.2674, milp=0.017s
  Testing total segment budget: 303 (k=3 per spline for Van)
Set parameter Method to value 6
Set parameter TimeLimit to value 1000
Set parameter Presolve to value -1
    Opt k=3 (budget=303): width=1.9137, ilp=0.015s, milp=0.027s
Set parameter Method to value 6
Set parameter TimeLimit to value 1000
Set parameter Presolve to value -1
    Van k=3: width=2.6134, milp=0.025s
  Testing total segment budget: 404 (k=4 per spline for Van)
Set parameter Method to value 6
Set parameter TimeLimit to value 1000
Set parameter Presolve to value -1
    Opt k=4 (budget=404): width=1.9137, ilp=0.016s, milp=0.037s
Set parameter Method to value 6
Set parameter TimeLimit to value 1000
Set parameter Presolve to value -1
    Van k=4: width=2.2416, milp=0.029s
  Testing total segment budget: 505 (k=5 per spline for Van)
Set parameter Method to value 6
Set parameter TimeLimit to value 1000
Set parameter Presolve to value -1
    Opt k=5 (budget=505): width=1.9136, ilp=0.046s, milp=0.040s
Set parameter Method to value 6
Set parameter TimeLimit to value 1000
Set parameter Presolve to value -1
    Van k=5: width=2.2007, milp=0.039s
  Testing total segment budget: 606 (k=6 per spline for Van)
Set parameter Method to value 6
Set parameter TimeLimit to value 1000
Set parameter Presolve to value -1
    Opt k=6 (budget=606): width=1.8072, ilp=0.043s, milp=0.059s
Set parameter Method to value 6
Set parameter TimeLimit to value 1000
Set parameter Presolve to value -1
    Van k=6: width=1.9137, milp=0.030s
  Testing total segment budget: 707 (k=7 per spline for Van)
Set parameter Method to value 6
Set parameter TimeLimit to value 1000
Set parameter Presolve to value -1
    Opt k=7 (budget=707): width=1.8070, ilp=0.060s, milp=0.049s
Set parameter Method to value 6
Set parameter TimeLimit to value 1000
Set parameter Presolve to value -1
    Van k=7: width=1.8875, milp=0.051s
  Input sweep allocations: delta-based uses 505 segments (5.0/spline); equal-budget uses 505 (Van k=5 uses 505)
  Testing input width: 0.01 (bounds=(-0.005, 0.005))
Set parameter Method to value 6
Set parameter TimeLimit to value 1000
Set parameter Presolve to value -1
    Opt (delta, 505 segs): width=1.8524, milp=0.017s
Set parameter Method to value 6
Set parameter TimeLimit to value 1000
Set parameter Presolve to value -1
    Opt (eq-budget, 505 segs): width=1.8524, milp=0.019s
Set parameter Method to value 6
Set parameter TimeLimit to value 1000
Set parameter Presolve to value -1
    Van k=5: width=2.1993, milp=0.018s
Set parameter Method to value 6
Set parameter TimeLimit to value 1000
Set parameter Presolve to value -1
    Uniform k=5: width=2.5205, milp=0.019s
  Testing input width: 0.05 (bounds=(-0.025, 0.025))
Set parameter Method to value 6
Set parameter TimeLimit to value 1000
Set parameter Presolve to value -1
    Opt (delta, 505 segs): width=1.8526, milp=0.018s
Set parameter Method to value 6
Set parameter TimeLimit to value 1000
Set parameter Presolve to value -1
    Opt (eq-budget, 505 segs): width=1.8526, milp=0.018s
Set parameter Method to value 6
Set parameter TimeLimit to value 1000
Set parameter Presolve to value -1
    Van k=5: width=2.1993, milp=0.018s
Set parameter Method to value 6
Set parameter TimeLimit to value 1000
Set parameter Presolve to value -1
    Uniform k=5: width=2.5205, milp=0.019s
  Testing input width: 0.1 (bounds=(-0.050, 0.050))
Set parameter Method to value 6
Set parameter TimeLimit to value 1000
Set parameter Presolve to value -1
    Opt (delta, 505 segs): width=1.8528, milp=0.020s
Set parameter Method to value 6
Set parameter TimeLimit to value 1000
Set parameter Presolve to value -1
    Opt (eq-budget, 505 segs): width=1.8528, milp=0.019s
Set parameter Method to value 6
Set parameter TimeLimit to value 1000
Set parameter Presolve to value -1
    Van k=5: width=2.1993, milp=0.018s
Set parameter Method to value 6
Set parameter TimeLimit to value 1000
Set parameter Presolve to value -1
    Uniform k=5: width=2.5206, milp=0.018s
  Testing input width: 0.5 (bounds=(-0.250, 0.250))
Set parameter Method to value 6
Set parameter TimeLimit to value 1000
Set parameter Presolve to value -1
    Opt (delta, 505 segs): width=1.8539, milp=0.018s
Set parameter Method to value 6
Set parameter TimeLimit to value 1000
Set parameter Presolve to value -1
    Opt (eq-budget, 505 segs): width=1.8539, milp=0.019s
Set parameter Method to value 6
Set parameter TimeLimit to value 1000
Set parameter Presolve to value -1
    Van k=5: width=2.1994, milp=0.019s
Set parameter Method to value 6
Set parameter TimeLimit to value 1000
Set parameter Presolve to value -1
    Uniform k=5: width=2.5212, milp=0.019s
  Testing input width: 1.0 (bounds=(-0.500, 0.500))
Set parameter Method to value 6
Set parameter TimeLimit to value 1000
Set parameter Presolve to value -1
    Opt (delta, 505 segs): width=1.8557, milp=0.030s
Set parameter Method to value 6
Set parameter TimeLimit to value 1000
Set parameter Presolve to value -1
    Opt (eq-budget, 505 segs): width=1.8557, milp=0.030s
Set parameter Method to value 6
Set parameter TimeLimit to value 1000
Set parameter Presolve to value -1
    Van k=5: width=2.1995, milp=0.019s
Set parameter Method to value 6
Set parameter TimeLimit to value 1000
Set parameter Presolve to value -1
    Uniform k=5: width=2.5231, milp=0.027s
  Testing input width: 2.0 (bounds=(-1.000, 1.000))
Set parameter Method to value 6
Set parameter TimeLimit to value 1000
Set parameter Presolve to value -1
    Opt (delta, 505 segs): width=1.9132, milp=0.028s
Set parameter Method to value 6
Set parameter TimeLimit to value 1000
Set parameter Presolve to value -1
    Opt (eq-budget, 505 segs): width=1.9132, milp=0.029s
Set parameter Method to value 6
Set parameter TimeLimit to value 1000
Set parameter Presolve to value -1
    Van k=5: width=2.1996, milp=0.029s
Set parameter Method to value 6
Set parameter TimeLimit to value 1000
Set parameter Presolve to value -1
    Uniform k=5: width=2.5391, milp=0.029s
  Testing input width: 5.0 (bounds=(-2.500, 2.500))
Set parameter Method to value 6
Set parameter TimeLimit to value 1000
Set parameter Presolve to value -1
    Opt (delta, 505 segs): width=1.9136, milp=0.040s
Set parameter Method to value 6
Set parameter TimeLimit to value 1000
Set parameter Presolve to value -1
    Opt (eq-budget, 505 segs): width=1.9136, milp=0.040s
Set parameter Method to value 6
Set parameter TimeLimit to value 1000
Set parameter Presolve to value -1
    Van k=5: width=2.2007, milp=0.040s
Set parameter Method to value 6
Set parameter TimeLimit to value 1000
Set parameter Presolve to value -1
    Uniform k=5: width=2.5503, milp=0.040s
Saved graph data to logs/graph_data_functionexp100.json

=== funcnoise ===
  theoretical min error: 3.8870, n_splines: 164, dp_time: 0.350s
  Testing total segment budget: 328 (k=2 per spline for Van)
Set parameter Method to value 6
Set parameter TimeLimit to value 1000
Set parameter Presolve to value -1
    Opt k=2 (budget=328): width=4.0451, ilp=0.055s, milp=0.061s
Set parameter Method to value 6
Set parameter TimeLimit to value 1000
Set parameter Presolve to value -1
    Van k=2: width=3.4914, milp=0.072s
  Testing total segment budget: 492 (k=3 per spline for Van)
Set parameter Method to value 6
Set parameter TimeLimit to value 1000
Set parameter Presolve to value -1
    Opt k=3 (budget=492): width=3.6421, ilp=0.068s, milp=0.225s
Set parameter Method to value 6
Set parameter TimeLimit to value 1000
Set parameter Presolve to value -1
    Van k=3: width=3.7791, milp=0.211s
  Testing total segment budget: 656 (k=4 per spline for Van)
Set parameter Method to value 6
Set parameter TimeLimit to value 1000
Set parameter Presolve to value -1
    Opt k=4 (budget=656): width=3.7380, ilp=0.032s, milp=0.274s
Set parameter Method to value 6
Set parameter TimeLimit to value 1000
Set parameter Presolve to value -1
    Van k=4: width=3.7408, milp=3.222s
  Testing total segment budget: 820 (k=5 per spline for Van)
Set parameter Method to value 6
Set parameter TimeLimit to value 1000
Set parameter Presolve to value -1
    Opt k=5 (budget=820): width=3.7135, ilp=0.025s, milp=10.082s
Set parameter Method to value 6
Set parameter TimeLimit to value 1000
Set parameter Presolve to value -1
    Van k=5: width=3.7518, milp=8.854s
  Testing total segment budget: 984 (k=6 per spline for Van)
Set parameter Method to value 6
Set parameter TimeLimit to value 1000
Set parameter Presolve to value -1
    Opt k=6 (budget=984): width=3.5609, ilp=0.072s, milp=1014.021s
Set parameter Method to value 6
Set parameter TimeLimit to value 1000
Set parameter Presolve to value -1
    Van k=6: width=3.5831, milp=1335.272s
  Testing total segment budget: 1148 (k=7 per spline for Van)
Set parameter Method to value 6
Set parameter TimeLimit to value 1000
Set parameter Presolve to value -1
    Opt k=7 (budget=1148): width=3.4174, ilp=0.033s, milp=2000.361s
Set parameter Method to value 6
Set parameter TimeLimit to value 1000
Set parameter Presolve to value -1
    Van k=7: width=3.4380, milp=887.749s
  Input sweep allocations: delta-based uses 820 segments (5.0/spline); equal-budget uses 820 (Van k=5 uses 820)
  Testing input width: 0.01 (bounds=(-0.005, 0.005))
Set parameter Method to value 6
Set parameter TimeLimit to value 1000
Set parameter Presolve to value -1
    Opt (delta, 820 segs): width=3.5016, milp=0.030s
Set parameter Method to value 6
Set parameter TimeLimit to value 1000
Set parameter Presolve to value -1
    Opt (eq-budget, 820 segs): width=3.5016, milp=0.038s
Set parameter Method to value 6
Set parameter TimeLimit to value 1000
Set parameter Presolve to value -1
    Van k=5: width=3.4685, milp=0.134s
Set parameter Method to value 6
Set parameter TimeLimit to value 1000
Set parameter Presolve to value -1
    Uniform k=5: width=4.6124, milp=0.063s
  Testing input width: 0.05 (bounds=(-0.025, 0.025))
Set parameter Method to value 6
Set parameter TimeLimit to value 1000
Set parameter Presolve to value -1
    Opt (delta, 820 segs): width=3.5071, milp=0.031s
Set parameter Method to value 6
Set parameter TimeLimit to value 1000
Set parameter Presolve to value -1
    Opt (eq-budget, 820 segs): width=3.5071, milp=0.030s
Set parameter Method to value 6
Set parameter TimeLimit to value 1000
Set parameter Presolve to value -1
    Van k=5: width=3.4713, milp=0.134s
Set parameter Method to value 6
Set parameter TimeLimit to value 1000
Set parameter Presolve to value -1
    Uniform k=5: width=4.6127, milp=0.082s
  Testing input width: 0.1 (bounds=(-0.050, 0.050))
Set parameter Method to value 6
Set parameter TimeLimit to value 1000
Set parameter Presolve to value -1
    Opt (delta, 820 segs): width=3.5123, milp=0.062s
Set parameter Method to value 6
Set parameter TimeLimit to value 1000
Set parameter Presolve to value -1
    Opt (eq-budget, 820 segs): width=3.5123, milp=0.073s
Set parameter Method to value 6
Set parameter TimeLimit to value 1000
Set parameter Presolve to value -1
    Van k=5: width=3.4936, milp=0.217s
Set parameter Method to value 6
Set parameter TimeLimit to value 1000
Set parameter Presolve to value -1
    Uniform k=5: width=4.6130, milp=0.092s
  Testing input width: 0.5 (bounds=(-0.250, 0.250))
Set parameter Method to value 6
Set parameter TimeLimit to value 1000
Set parameter Presolve to value -1
    Opt (delta, 820 segs): width=3.5657, milp=0.519s
Set parameter Method to value 6
Set parameter TimeLimit to value 1000
Set parameter Presolve to value -1
    Opt (eq-budget, 820 segs): width=3.5657, milp=0.519s
Set parameter Method to value 6
Set parameter TimeLimit to value 1000
Set parameter Presolve to value -1
    Van k=5: width=3.6943, milp=0.457s
Set parameter Method to value 6
Set parameter TimeLimit to value 1000
Set parameter Presolve to value -1
    Uniform k=5: width=4.6153, milp=0.084s
  Testing input width: 1.0 (bounds=(-0.500, 0.500))
Set parameter Method to value 6
Set parameter TimeLimit to value 1000
Set parameter Presolve to value -1
    Opt (delta, 820 segs): width=3.6757, milp=1.050s
Set parameter Method to value 6
Set parameter TimeLimit to value 1000
Set parameter Presolve to value -1
    Opt (eq-budget, 820 segs): width=3.6757, milp=1.029s
Set parameter Method to value 6
Set parameter TimeLimit to value 1000
Set parameter Presolve to value -1
    Van k=5: width=3.6931, milp=0.500s
Set parameter Method to value 6
Set parameter TimeLimit to value 1000
Set parameter Presolve to value -1
    Uniform k=5: width=4.6161, milp=0.197s
  Testing input width: 2.0 (bounds=(-1.000, 1.000))
Set parameter Method to value 6
Set parameter TimeLimit to value 1000
Set parameter Presolve to value -1
    Opt (delta, 820 segs): width=3.7169, milp=3.007s
Set parameter Method to value 6
Set parameter TimeLimit to value 1000
Set parameter Presolve to value -1
    Opt (eq-budget, 820 segs): width=3.7169, milp=2.950s
Set parameter Method to value 6
Set parameter TimeLimit to value 1000
Set parameter Presolve to value -1
    Van k=5: width=3.7494, milp=12.089s
Set parameter Method to value 6
Set parameter TimeLimit to value 1000
Set parameter Presolve to value -1
    Uniform k=5: width=4.6165, milp=0.127s
  Testing input width: 5.0 (bounds=(-2.500, 2.500))
Set parameter Method to value 6
Set parameter TimeLimit to value 1000
Set parameter Presolve to value -1
    Opt (delta, 820 segs): width=3.7135, milp=10.129s
Set parameter Method to value 6
Set parameter TimeLimit to value 1000
Set parameter Presolve to value -1
    Opt (eq-budget, 820 segs): width=3.7135, milp=10.275s
Set parameter Method to value 6
Set parameter TimeLimit to value 1000
Set parameter Presolve to value -1
    Van k=5: width=3.7518, milp=9.133s
Set parameter Method to value 6
Set parameter TimeLimit to value 1000
Set parameter Presolve to value -1
    Uniform k=5: width=4.6167, milp=0.116s
Saved graph data to logs/graph_data_funcnoise.json

=== prosthetic ===
  theoretical min error: 176.5013, n_splines: 452, dp_time: 0.877s
  Testing total segment budget: 904 (k=2 per spline for Van)
Set parameter Method to value 6
Set parameter TimeLimit to value 1000
Set parameter Presolve to value -1
    Opt k=2 (budget=904): width=21.4501, ilp=0.070s, milp=0.082s
Set parameter Method to value 6
Set parameter TimeLimit to value 1000
Set parameter Presolve to value -1
    Van k=2: width=18.2781, milp=0.160s
  Testing total segment budget: 1356 (k=3 per spline for Van)
Set parameter Method to value 6
Set parameter TimeLimit to value 1000
Set parameter Presolve to value -1
    Opt k=3 (budget=1356): width=21.4501, ilp=0.104s, milp=0.137s
Set parameter Method to value 6
Set parameter TimeLimit to value 1000
Set parameter Presolve to value -1
    Van k=3: width=20.1994, milp=0.333s
  Testing total segment budget: 1808 (k=4 per spline for Van)
Set parameter Method to value 6
Set parameter TimeLimit to value 1000
Set parameter Presolve to value -1
    Opt k=4 (budget=1808): width=20.4723, ilp=0.099s, milp=2.659s
Set parameter Method to value 6
Set parameter TimeLimit to value 1000
Set parameter Presolve to value -1
    Van k=4: width=19.4498, milp=1.860s
  Testing total segment budget: 2260 (k=5 per spline for Van)
Set parameter Method to value 6
Set parameter TimeLimit to value 1000
Set parameter Presolve to value -1
    Opt k=5 (budget=2260): width=19.2967, ilp=0.109s, milp=78.586s
Set parameter Method to value 6
Set parameter TimeLimit to value 1000
Set parameter Presolve to value -1
    Van k=5: width=19.7753, milp=2.508s
  Testing total segment budget: 2712 (k=6 per spline for Van)
Set parameter Method to value 6
Set parameter TimeLimit to value 1000
Set parameter Presolve to value -1
    Opt k=6 (budget=2712): width=19.2911, ilp=0.101s, milp=196.054s
Set parameter Method to value 6
Set parameter TimeLimit to value 1000
Set parameter Presolve to value -1
    Van k=6: width=19.0954, milp=8.304s
  Testing total segment budget: 3164 (k=7 per spline for Van)
Set parameter Method to value 6
Set parameter TimeLimit to value 1000
Set parameter Presolve to value -1
    Opt k=7 (budget=3164): width=19.0246, ilp=0.122s, milp=192.070s
Set parameter Method to value 6
Set parameter TimeLimit to value 1000
Set parameter Presolve to value -1
    Van k=7: width=18.5098, milp=45.939s
  Input sweep allocations: delta-based uses 2260 segments (5.0/spline); equal-budget uses 2260 (Van k=5 uses 2260)
  Testing input width: 0.01 (bounds=(-0.005, 0.005))
Set parameter Method to value 6
Set parameter TimeLimit to value 1000
Set parameter Presolve to value -1
    Opt (delta, 2260 segs): width=19.1799, milp=0.113s
Set parameter Method to value 6
Set parameter TimeLimit to value 1000
Set parameter Presolve to value -1
    Opt (eq-budget, 2260 segs): width=19.1799, milp=0.113s
Set parameter Method to value 6
Set parameter TimeLimit to value 1000
Set parameter Presolve to value -1
    Van k=5: width=19.7752, milp=0.066s
Set parameter Method to value 6
Set parameter TimeLimit to value 1000
Set parameter Presolve to value -1
    Uniform k=5: width=22.7487, milp=0.076s
  Testing input width: 0.05 (bounds=(-0.025, 0.025))
Set parameter Method to value 6
Set parameter TimeLimit to value 1000
Set parameter Presolve to value -1
    Opt (delta, 2260 segs): width=19.2376, milp=0.087s
Set parameter Method to value 6
Set parameter TimeLimit to value 1000
Set parameter Presolve to value -1
    Opt (eq-budget, 2260 segs): width=19.2376, milp=0.066s
Set parameter Method to value 6
Set parameter TimeLimit to value 1000
Set parameter Presolve to value -1
    Van k=5: width=19.7753, milp=0.087s
Set parameter Method to value 6
Set parameter TimeLimit to value 1000
Set parameter Presolve to value -1
    Uniform k=5: width=22.7487, milp=0.081s
  Testing input width: 0.1 (bounds=(-0.050, 0.050))
Set parameter Method to value 6
Set parameter TimeLimit to value 1000
Set parameter Presolve to value -1
    Opt (delta, 2260 segs): width=19.2610, milp=0.165s
Set parameter Method to value 6
Set parameter TimeLimit to value 1000
Set parameter Presolve to value -1
    Opt (eq-budget, 2260 segs): width=19.2610, milp=0.144s
Set parameter Method to value 6
Set parameter TimeLimit to value 1000
Set parameter Presolve to value -1
    Van k=5: width=19.7753, milp=0.081s
Set parameter Method to value 6
Set parameter TimeLimit to value 1000
Set parameter Presolve to value -1
    Uniform k=5: width=22.7487, milp=0.138s
  Testing input width: 0.5 (bounds=(-0.250, 0.250))
Set parameter Method to value 6
Set parameter TimeLimit to value 1000
Set parameter Presolve to value -1
    Opt (delta, 2260 segs): width=19.2829, milp=0.108s
Set parameter Method to value 6
Set parameter TimeLimit to value 1000
Set parameter Presolve to value -1
    Opt (eq-budget, 2260 segs): width=19.2829, milp=0.129s
Set parameter Method to value 6
Set parameter TimeLimit to value 1000
Set parameter Presolve to value -1
    Van k=5: width=19.7753, milp=0.148s
Set parameter Method to value 6
Set parameter TimeLimit to value 1000
Set parameter Presolve to value -1
    Uniform k=5: width=22.7487, milp=0.097s
  Testing input width: 1.0 (bounds=(-0.500, 0.500))
Set parameter Method to value 6
Set parameter TimeLimit to value 1000
Set parameter Presolve to value -1
    Opt (delta, 2260 segs): width=19.2958, milp=0.660s
Set parameter Method to value 6
Set parameter TimeLimit to value 1000
Set parameter Presolve to value -1
    Opt (eq-budget, 2260 segs): width=19.2958, milp=0.698s
Set parameter Method to value 6
Set parameter TimeLimit to value 1000
Set parameter Presolve to value -1
    Van k=5: width=19.7753, milp=0.233s
Set parameter Method to value 6
Set parameter TimeLimit to value 1000
Set parameter Presolve to value -1
    Uniform k=5: width=22.7487, milp=0.118s
  Testing input width: 2.0 (bounds=(-1.000, 1.000))
Set parameter Method to value 6
Set parameter TimeLimit to value 1000
Set parameter Presolve to value -1
    Opt (delta, 2260 segs): width=19.2967, milp=2.415s
Set parameter Method to value 6
Set parameter TimeLimit to value 1000
Set parameter Presolve to value -1
    Opt (eq-budget, 2260 segs): width=19.2967, milp=2.386s
Set parameter Method to value 6
Set parameter TimeLimit to value 1000
Set parameter Presolve to value -1
    Van k=5: width=19.7753, milp=1.644s
Set parameter Method to value 6
Set parameter TimeLimit to value 1000
Set parameter Presolve to value -1
    Uniform k=5: width=22.7487, milp=0.252s
  Testing input width: 5.0 (bounds=(-2.500, 2.500))
Set parameter Method to value 6
Set parameter TimeLimit to value 1000
Set parameter Presolve to value -1
    Opt (delta, 2260 segs): width=19.2967, milp=77.465s
Set parameter Method to value 6
Set parameter TimeLimit to value 1000
Set parameter Presolve to value -1
    Opt (eq-budget, 2260 segs): width=19.2967, milp=76.939s
Set parameter Method to value 6
Set parameter TimeLimit to value 1000
Set parameter Presolve to value -1
    Van k=5: width=19.7753, milp=3.263s
Set parameter Method to value 6
Set parameter TimeLimit to value 1000
Set parameter Presolve to value -1
    Uniform k=5: width=22.7487, milp=0.615s
Saved graph data to logs/graph_data_prosthetic.json

=== weather ===
  theoretical min error: 47.7838, n_splines: 2784, dp_time: 3.200s
  Testing total segment budget: 5568 (k=2 per spline for Van)
Set parameter Method to value 6
Set parameter TimeLimit to value 1000
Set parameter Presolve to value -1
    Opt k=2 (budget=5568): width=9.3175, ilp=0.635s, milp=2.327s
Set parameter Method to value 6
Set parameter TimeLimit to value 1000
Set parameter Presolve to value -1
    Van k=2: width=8.5996, milp=2.248s
  Testing total segment budget: 8352 (k=3 per spline for Van)
Set parameter Method to value 6
Set parameter TimeLimit to value 1000
Set parameter Presolve to value -1
    Opt k=3 (budget=8352): width=8.5253, ilp=0.736s, milp=18.083s
Set parameter Method to value 6
Set parameter TimeLimit to value 1000
Set parameter Presolve to value -1
    Van k=3: width=9.2468, milp=32.718s
  Testing total segment budget: 11136 (k=4 per spline for Van)
Set parameter Method to value 6
Set parameter TimeLimit to value 1000
Set parameter Presolve to value -1
    Opt k=4 (budget=11136): width=8.3967, ilp=0.768s, milp=73.901s
Set parameter Method to value 6
Set parameter TimeLimit to value 1000
Set parameter Presolve to value -1
    Van k=4: width=8.5785, milp=40.817s
  Testing total segment budget: 13920 (k=5 per spline for Van)
Set parameter Method to value 6
Set parameter TimeLimit to value 1000
Set parameter Presolve to value -1
    Opt k=5 (budget=13920): width=8.2476, ilp=0.716s, milp=123.741s
Set parameter Method to value 6
Set parameter TimeLimit to value 1000
Set parameter Presolve to value -1
    Van k=5: width=8.2956, milp=103.511s
  Testing total segment budget: 16704 (k=6 per spline for Van)
Set parameter Method to value 6
Set parameter TimeLimit to value 1000
Set parameter Presolve to value -1
    Opt k=6 (budget=16704): width=7.9833, ilp=0.524s, milp=398.390s
Set parameter Method to value 6
Set parameter TimeLimit to value 1000
Set parameter Presolve to value -1
    Van k=6: width=7.9746, milp=1667.410s
  Testing total segment budget: 19488 (k=7 per spline for Van)
Set parameter Method to value 6
Set parameter TimeLimit to value 1000
Set parameter Presolve to value -1
    Opt k=7 (budget=19488): width=7.8762, ilp=0.673s, milp=1119.393s
Set parameter Method to value 6
Set parameter TimeLimit to value 1000
Set parameter Presolve to value -1
    Van k=7: width=7.7589, milp=2000.420s
  Input sweep allocations: delta-based uses 13920 segments (5.0/spline); equal-budget uses 13920 (Van k=5 uses 13920)
  Testing input width: 0.01 (bounds=(-0.005, 0.005))
Set parameter Method to value 6
Set parameter TimeLimit to value 1000
Set parameter Presolve to value -1
    Opt (delta, 13920 segs): width=6.8595, milp=0.448s
Set parameter Method to value 6
Set parameter TimeLimit to value 1000
Set parameter Presolve to value -1
    Opt (eq-budget, 13920 segs): width=6.8595, milp=0.344s
Set parameter Method to value 6
Set parameter TimeLimit to value 1000
Set parameter Presolve to value -1
    Van k=5: width=7.8688, milp=0.162s
Set parameter Method to value 6
Set parameter TimeLimit to value 1000
Set parameter Presolve to value -1
    Uniform k=5: width=10.6743, milp=0.194s
  Testing input width: 0.05 (bounds=(-0.025, 0.025))
Set parameter Method to value 6
Set parameter TimeLimit to value 1000
Set parameter Presolve to value -1
    Opt (delta, 13920 segs): width=7.1378, milp=0.289s
Set parameter Method to value 6
Set parameter TimeLimit to value 1000
Set parameter Presolve to value -1
    Opt (eq-budget, 13920 segs): width=7.1378, milp=0.288s
Set parameter Method to value 6
Set parameter TimeLimit to value 1000
Set parameter Presolve to value -1
    Van k=5: width=7.9555, milp=0.221s
Set parameter Method to value 6
Set parameter TimeLimit to value 1000
Set parameter Presolve to value -1
    Uniform k=5: width=10.6743, milp=0.148s
  Testing input width: 0.1 (bounds=(-0.050, 0.050))
Set parameter Method to value 6
Set parameter TimeLimit to value 1000
Set parameter Presolve to value -1
    Opt (delta, 13920 segs): width=7.4641, milp=0.684s
Set parameter Method to value 6
Set parameter TimeLimit to value 1000
Set parameter Presolve to value -1
    Opt (eq-budget, 13920 segs): width=7.4641, milp=0.784s
Set parameter Method to value 6
Set parameter TimeLimit to value 1000
Set parameter Presolve to value -1
    Van k=5: width=8.0423, milp=0.712s
Set parameter Method to value 6
Set parameter TimeLimit to value 1000
Set parameter Presolve to value -1
    Uniform k=5: width=10.6743, milp=0.169s
  Testing input width: 0.5 (bounds=(-0.250, 0.250))
Set parameter Method to value 6
Set parameter TimeLimit to value 1000
Set parameter Presolve to value -1
    Opt (delta, 13920 segs): width=8.2375, milp=1.555s
Set parameter Method to value 6
Set parameter TimeLimit to value 1000
Set parameter Presolve to value -1
    Opt (eq-budget, 13920 segs): width=8.2375, milp=1.543s
Set parameter Method to value 6
Set parameter TimeLimit to value 1000
Set parameter Presolve to value -1
    Van k=5: width=8.2826, milp=0.963s
Set parameter Method to value 6
Set parameter TimeLimit to value 1000
Set parameter Presolve to value -1
    Uniform k=5: width=10.6744, milp=0.170s
  Testing input width: 1.0 (bounds=(-0.500, 0.500))
Set parameter Method to value 6
Set parameter TimeLimit to value 1000
Set parameter Presolve to value -1
    Opt (delta, 13920 segs): width=8.2405, milp=2.084s
Set parameter Method to value 6
Set parameter TimeLimit to value 1000
Set parameter Presolve to value -1
    Opt (eq-budget, 13920 segs): width=8.2405, milp=2.119s
Set parameter Method to value 6
Set parameter TimeLimit to value 1000
Set parameter Presolve to value -1
    Van k=5: width=8.2853, milp=1.643s
Set parameter Method to value 6
Set parameter TimeLimit to value 1000
Set parameter Presolve to value -1
    Uniform k=5: width=10.6745, milp=1.105s
  Testing input width: 2.0 (bounds=(-1.000, 1.000))
Set parameter Method to value 6
Set parameter TimeLimit to value 1000
Set parameter Presolve to value -1
    Opt (delta, 13920 segs): width=8.2435, milp=14.857s
Set parameter Method to value 6
Set parameter TimeLimit to value 1000
Set parameter Presolve to value -1
    Opt (eq-budget, 13920 segs): width=8.2435, milp=14.054s
Set parameter Method to value 6
Set parameter TimeLimit to value 1000
Set parameter Presolve to value -1
    Van k=5: width=8.2895, milp=11.478s
Set parameter Method to value 6
Set parameter TimeLimit to value 1000
Set parameter Presolve to value -1
    Uniform k=5: width=10.6746, milp=11.942s
  Testing input width: 5.0 (bounds=(-2.500, 2.500))
Set parameter Method to value 6
Set parameter TimeLimit to value 1000
Set parameter Presolve to value -1
    Opt (delta, 13920 segs): width=8.2476, milp=87.022s
Set parameter Method to value 6
Set parameter TimeLimit to value 1000
Set parameter Presolve to value -1
    Opt (eq-budget, 13920 segs): width=8.2476, milp=90.030s
Set parameter Method to value 6
Set parameter TimeLimit to value 1000
Set parameter Presolve to value -1
    Van k=5: width=8.2956, milp=95.131s
Set parameter Method to value 6
Set parameter TimeLimit to value 1000
Set parameter Presolve to value -1
    Uniform k=5: width=10.6748, milp=20.046s
Saved graph data to logs/graph_data_weather.json

============================================================
TIMING SUMMARY
============================================================

functionbessel  (20 params)
  DP abstraction (one-time): 0.111s
     k     ILP (s)    MILP (s)     Van (s)
     2       0.213       0.017       0.014
     3       0.000       0.014       0.013
     4       0.000       0.013       0.015
     5       0.001       0.014       0.015
     6       0.001       0.015       0.015
     7       0.001       0.016       0.015

functionexp  (30 params)
  DP abstraction (one-time): 0.046s
     k     ILP (s)    MILP (s)     Van (s)
     2       0.003       0.017       0.015
     3       0.002       0.015       0.016
     4       0.003       0.016       0.015
     5       0.003       0.016       0.015
     6       0.002       0.016       0.015
     7       0.003       0.015       0.015

functionxy  (60 params)
  DP abstraction (one-time): 0.061s
     k     ILP (s)    MILP (s)     Van (s)
     2       0.003       0.017       0.016
     3       0.006       0.016       0.017
     4       0.004       0.016       0.015
     5       0.003       0.016       0.026
     6       0.008       0.016       0.015
     7       0.005       0.016       0.015

funcellipeinc  (70 params)
  DP abstraction (one-time): 0.082s
     k     ILP (s)    MILP (s)     Van (s)
     2       0.004       0.019       0.015
     3       0.003       0.017       0.016
     4       0.004       0.016       0.017
     5       0.002       0.015       0.014
     6       0.002       0.025       0.014
     7       0.005       0.014       0.024

funcellipkinc  (70 params)
  DP abstraction (one-time): 0.080s
     k     ILP (s)    MILP (s)     Van (s)
     2       0.004       0.018       0.016
     3       0.003       0.016       0.016
     4       0.003       0.016       0.016
     5       0.003       0.016       0.016
     6       0.005       0.015       0.025
     7       0.004       0.016       0.016

functionlegendre  (100 params)
  DP abstraction (one-time): 0.056s
     k     ILP (s)    MILP (s)     Van (s)
     2       0.008       0.018       0.016
     3       0.002       0.014       0.016
     4       0.005       0.088       0.024
     5       0.003       0.085       0.087
     6       0.003       0.107       0.137
     7       0.003       0.096       0.096

funcsphharm  (140 params)
  DP abstraction (one-time): 0.110s
     k     ILP (s)    MILP (s)     Van (s)
     2       0.006       0.017       0.016
     3       0.008       0.016       0.016
     4       0.003       0.025       0.015
     5       0.003       0.066       0.063
     6       0.007       0.056       0.047
     7       0.005       0.098       0.045

functionexp4  (260 params)
  DP abstraction (one-time): 0.115s
     k     ILP (s)    MILP (s)     Van (s)
     2       0.013       0.019       0.017
     3       0.013       0.027       0.026
     4       0.015       0.079       0.120
     5       0.011       0.078       0.509
     6       0.019       0.858       0.639
     7       0.015       1.467       2.397

pinnheat  (420 params)
  DP abstraction (one-time): 0.144s
     k     ILP (s)    MILP (s)     Van (s)
     2       0.024       0.019       0.018
     3       0.019       0.039       0.038
     4       0.021       0.060       0.038
     5       0.023       0.049       0.070
     6       0.027       0.072       0.152
     7       0.025       0.162       0.150

functionexp100  (1,010 params)
  DP abstraction (one-time): 0.348s
     k     ILP (s)    MILP (s)     Van (s)
     2       0.054       0.030       0.017
     3       0.015       0.027       0.025
     4       0.016       0.037       0.029
     5       0.046       0.040       0.039
     6       0.043       0.059       0.030
     7       0.060       0.049       0.051

funcnoise  (1,312 params)
  DP abstraction (one-time): 0.350s
     k     ILP (s)    MILP (s)     Van (s)
     2       0.055       0.061       0.072
     3       0.068       0.225       0.211
     4       0.032       0.274       3.222
     5       0.025      10.082       8.854
     6       0.072    1014.021    1335.272
     7       0.033    2000.361     887.749

prosthetic  (3,616 params)
  DP abstraction (one-time): 0.877s
     k     ILP (s)    MILP (s)     Van (s)
     2       0.070       0.082       0.160
     3       0.104       0.137       0.333
     4       0.099       2.659       1.860
     5       0.109      78.586       2.508
     6       0.101     196.054       8.304
     7       0.122     192.070      45.939

weather  (22,272 params)
  DP abstraction (one-time): 3.200s
     k     ILP (s)    MILP (s)     Van (s)
     2       0.635       2.327       2.248
     3       0.736      18.083      32.718
     4       0.768      73.901      40.817
     5       0.716     123.741     103.511
     6       0.524     398.390    1667.410
     7       0.673    1119.393    2000.420
============================================================

=== True Vanilla: functionbessel ===
Set parameter Method to value 6
Set parameter TimeLimit to value 1000
Set parameter Presolve to value -1
    True Van k=2: width=3.5912, milp=0.015s
Set parameter Method to value 6
Set parameter TimeLimit to value 1000
Set parameter Presolve to value -1
    True Van k=3: width=2.1427, milp=0.013s
Set parameter Method to value 6
Set parameter TimeLimit to value 1000
Set parameter Presolve to value -1
    True Van k=4: width=3.4098, milp=0.014s
Set parameter Method to value 6
Set parameter TimeLimit to value 1000
Set parameter Presolve to value -1
    True Van k=5: width=1.7935, milp=0.013s
Set parameter Method to value 6
Set parameter TimeLimit to value 1000
Set parameter Presolve to value -1
    True Van k=6: width=3.1401, milp=0.013s
Set parameter Method to value 6
Set parameter TimeLimit to value 1000
Set parameter Presolve to value -1
    True Van k=7: width=2.8648, milp=0.014s

=== True Vanilla: functionexp ===
Set parameter Method to value 6
Set parameter TimeLimit to value 1000
Set parameter Presolve to value -1
    True Van k=2: width=12.4692, milp=0.013s
Set parameter Method to value 6
Set parameter TimeLimit to value 1000
Set parameter Presolve to value -1
    True Van k=3: width=15.5486, milp=0.013s
Set parameter Method to value 6
Set parameter TimeLimit to value 1000
Set parameter Presolve to value -1
    True Van k=4: width=13.2519, milp=0.013s
Set parameter Method to value 6
Set parameter TimeLimit to value 1000
Set parameter Presolve to value -1
    True Van k=5: width=13.0502, milp=0.013s
Set parameter Method to value 6
Set parameter TimeLimit to value 1000
Set parameter Presolve to value -1
    True Van k=6: width=10.9824, milp=0.013s
Set parameter Method to value 6
Set parameter TimeLimit to value 1000
Set parameter Presolve to value -1
    True Van k=7: width=10.5161, milp=0.013s

=== True Vanilla: functionxy ===
Set parameter Method to value 6
Set parameter TimeLimit to value 1000
Set parameter Presolve to value -1
    True Van k=2: width=5.4272, milp=0.013s
Set parameter Method to value 6
Set parameter TimeLimit to value 1000
Set parameter Presolve to value -1
    True Van k=3: width=4.4134, milp=0.014s
Set parameter Method to value 6
Set parameter TimeLimit to value 1000
Set parameter Presolve to value -1
    True Van k=4: width=5.1889, milp=0.013s
Set parameter Method to value 6
Set parameter TimeLimit to value 1000
Set parameter Presolve to value -1
    True Van k=5: width=4.3208, milp=0.013s
Set parameter Method to value 6
Set parameter TimeLimit to value 1000
Set parameter Presolve to value -1
    True Van k=6: width=3.5719, milp=0.023s
Set parameter Method to value 6
Set parameter TimeLimit to value 1000
Set parameter Presolve to value -1
    True Van k=7: width=3.2015, milp=0.023s

=== True Vanilla: functionlegendre ===
Set parameter Method to value 6
Set parameter TimeLimit to value 1000
Set parameter Presolve to value -1
    True Van k=2: width=16.4725, milp=0.013s
Set parameter Method to value 6
Set parameter TimeLimit to value 1000
Set parameter Presolve to value -1
    True Van k=3: width=16.2391, milp=0.023s
Set parameter Method to value 6
Set parameter TimeLimit to value 1000
Set parameter Presolve to value -1
    True Van k=4: width=15.8234, milp=0.023s
Set parameter Method to value 6
Set parameter TimeLimit to value 1000
Set parameter Presolve to value -1
    True Van k=5: width=15.1562, milp=0.023s
Set parameter Method to value 6
Set parameter TimeLimit to value 1000
Set parameter Presolve to value -1
    True Van k=6: width=13.6079, milp=0.076s
Set parameter Method to value 6
Set parameter TimeLimit to value 1000
Set parameter Presolve to value -1
    True Van k=7: width=13.0299, milp=0.025s

=== True Vanilla: funcellipeinc ===
Set parameter Method to value 6
Set parameter TimeLimit to value 1000
Set parameter Presolve to value -1
    True Van k=2: width=4.8874, milp=0.015s
Set parameter Method to value 6
Set parameter TimeLimit to value 1000
Set parameter Presolve to value -1
    True Van k=3: width=4.9173, milp=0.015s
Set parameter Method to value 6
Set parameter TimeLimit to value 1000
Set parameter Presolve to value -1
    True Van k=4: width=8.3229, milp=0.014s
Set parameter Method to value 6
Set parameter TimeLimit to value 1000
Set parameter Presolve to value -1
    True Van k=5: width=4.8144, milp=0.015s
Set parameter Method to value 6
Set parameter TimeLimit to value 1000
Set parameter Presolve to value -1
    True Van k=6: width=5.6099, milp=0.087s
Set parameter Method to value 6
Set parameter TimeLimit to value 1000
Set parameter Presolve to value -1
    True Van k=7: width=5.5860, milp=0.025s

=== True Vanilla: funcellipkinc ===
Set parameter Method to value 6
Set parameter TimeLimit to value 1000
Set parameter Presolve to value -1
    True Van k=2: width=8.5587, milp=0.014s
Set parameter Method to value 6
Set parameter TimeLimit to value 1000
Set parameter Presolve to value -1
    True Van k=3: width=8.4395, milp=0.014s
Set parameter Method to value 6
Set parameter TimeLimit to value 1000
Set parameter Presolve to value -1
    True Van k=4: width=12.6516, milp=0.014s
Set parameter Method to value 6
Set parameter TimeLimit to value 1000
Set parameter Presolve to value -1
    True Van k=5: width=8.2462, milp=0.014s
Set parameter Method to value 6
Set parameter TimeLimit to value 1000
Set parameter Presolve to value -1
    True Van k=6: width=8.9935, milp=0.014s
Set parameter Method to value 6
Set parameter TimeLimit to value 1000
Set parameter Presolve to value -1
    True Van k=7: width=7.4147, milp=0.014s

=== True Vanilla: funcsphharm ===
Set parameter Method to value 6
Set parameter TimeLimit to value 1000
Set parameter Presolve to value -1
    True Van k=2: width=6.0889, milp=0.015s
Set parameter Method to value 6
Set parameter TimeLimit to value 1000
Set parameter Presolve to value -1
    True Van k=3: width=6.8170, milp=0.014s
Set parameter Method to value 6
Set parameter TimeLimit to value 1000
Set parameter Presolve to value -1
    True Van k=4: width=8.4984, milp=0.024s
Set parameter Method to value 6
Set parameter TimeLimit to value 1000
Set parameter Presolve to value -1
    True Van k=5: width=5.6833, milp=0.024s
Set parameter Method to value 6
Set parameter TimeLimit to value 1000
Set parameter Presolve to value -1
    True Van k=6: width=6.1431, milp=0.025s
Set parameter Method to value 6
Set parameter TimeLimit to value 1000
Set parameter Presolve to value -1
    True Van k=7: width=6.0912, milp=0.014s

=== True Vanilla: functionexp4 ===
Set parameter Method to value 6
Set parameter TimeLimit to value 1000
Set parameter Presolve to value -1
    True Van k=2: width=10.5040, milp=0.014s
Set parameter Method to value 6
Set parameter TimeLimit to value 1000
Set parameter Presolve to value -1
    True Van k=3: width=10.7130, milp=0.015s
Set parameter Method to value 6
Set parameter TimeLimit to value 1000
Set parameter Presolve to value -1
    True Van k=4: width=13.8650, milp=0.056s
Set parameter Method to value 6
Set parameter TimeLimit to value 1000
Set parameter Presolve to value -1
    True Van k=5: width=9.8209, milp=0.024s
Set parameter Method to value 6
Set parameter TimeLimit to value 1000
Set parameter Presolve to value -1
    True Van k=6: width=10.9472, milp=0.024s
Set parameter Method to value 6
Set parameter TimeLimit to value 1000
Set parameter Presolve to value -1
    True Van k=7: width=8.6630, milp=0.034s

=== True Vanilla: pinnheat ===
Set parameter Method to value 6
Set parameter TimeLimit to value 1000
Set parameter Presolve to value -1
    True Van k=2: width=3.0012, milp=0.025s
Set parameter Method to value 6
Set parameter TimeLimit to value 1000
Set parameter Presolve to value -1
    True Van k=3: width=2.3903, milp=0.025s
Set parameter Method to value 6
Set parameter TimeLimit to value 1000
Set parameter Presolve to value -1
    True Van k=4: width=2.2533, milp=0.024s
Set parameter Method to value 6
Set parameter TimeLimit to value 1000
Set parameter Presolve to value -1
    True Van k=5: width=1.9080, milp=0.044s
Set parameter Method to value 6
Set parameter TimeLimit to value 1000
Set parameter Presolve to value -1
    True Van k=6: width=1.8826, milp=0.078s
Set parameter Method to value 6
Set parameter TimeLimit to value 1000
Set parameter Presolve to value -1
    True Van k=7: width=1.9714, milp=0.057s

=== True Vanilla: functionexp100 ===
Set parameter Method to value 6
Set parameter TimeLimit to value 1000
Set parameter Presolve to value -1
    True Van k=2: width=3.9925, milp=0.015s
Set parameter Method to value 6
Set parameter TimeLimit to value 1000
Set parameter Presolve to value -1
    True Van k=3: width=3.2818, milp=0.014s
Set parameter Method to value 6
Set parameter TimeLimit to value 1000
Set parameter Presolve to value -1
    True Van k=4: width=2.5351, milp=0.025s
Set parameter Method to value 6
Set parameter TimeLimit to value 1000
Set parameter Presolve to value -1
    True Van k=5: width=2.5503, milp=0.035s
Set parameter Method to value 6
Set parameter TimeLimit to value 1000
Set parameter Presolve to value -1
    True Van k=6: width=2.1080, milp=0.036s
Set parameter Method to value 6
Set parameter TimeLimit to value 1000
Set parameter Presolve to value -1
    True Van k=7: width=2.3173, milp=0.087s

=== True Vanilla: funcnoise ===
Set parameter Method to value 6
Set parameter TimeLimit to value 1000
Set parameter Presolve to value -1
    True Van k=2: width=5.2563, milp=0.047s
Set parameter Method to value 6
Set parameter TimeLimit to value 1000
Set parameter Presolve to value -1
    True Van k=3: width=5.0164, milp=0.078s
Set parameter Method to value 6
Set parameter TimeLimit to value 1000
Set parameter Presolve to value -1
    True Van k=4: width=5.0253, milp=0.169s
Set parameter Method to value 6
Set parameter TimeLimit to value 1000
Set parameter Presolve to value -1
    True Van k=5: width=4.6167, milp=0.129s
Set parameter Method to value 6
Set parameter TimeLimit to value 1000
Set parameter Presolve to value -1
    True Van k=6: width=4.4772, milp=0.668s
Set parameter Method to value 6
Set parameter TimeLimit to value 1000
Set parameter Presolve to value -1
    True Van k=7: width=4.2421, milp=1.248s

=== True Vanilla: prosthetic ===
Set parameter Method to value 6
Set parameter TimeLimit to value 1000
Set parameter Presolve to value -1
    True Van k=2: width=23.5307, milp=0.101s
Set parameter Method to value 6
Set parameter TimeLimit to value 1000
Set parameter Presolve to value -1
    True Van k=3: width=23.0306, milp=0.269s
Set parameter Method to value 6
Set parameter TimeLimit to value 1000
Set parameter Presolve to value -1
    True Van k=4: width=28.5153, milp=0.394s
Set parameter Method to value 6
Set parameter TimeLimit to value 1000
Set parameter Presolve to value -1
    True Van k=5: width=22.7487, milp=0.465s
Set parameter Method to value 6
Set parameter TimeLimit to value 1000
Set parameter Presolve to value -1
    True Van k=6: width=23.0854, milp=0.781s
Set parameter Method to value 6
Set parameter TimeLimit to value 1000
Set parameter Presolve to value -1
    True Van k=7: width=20.0898, milp=1.676s

=== True Vanilla: weather ===
Set parameter Method to value 6
Set parameter TimeLimit to value 1000
Set parameter Presolve to value -1
    True Van k=2: width=11.7421, milp=5.063s
Set parameter Method to value 6
Set parameter TimeLimit to value 1000
Set parameter Presolve to value -1
    True Van k=3: width=16.0568, milp=13.489s
Set parameter Method to value 6
Set parameter TimeLimit to value 1000
Set parameter Presolve to value -1
    True Van k=4: width=10.5258, milp=18.847s
Set parameter Method to value 6
Set parameter TimeLimit to value 1000
Set parameter Presolve to value -1
    True Van k=5: width=10.6748, milp=19.252s
Set parameter Method to value 6
Set parameter TimeLimit to value 1000
Set parameter Presolve to value -1
    True Van k=6: width=9.3264, milp=61.120s
Set parameter Method to value 6
Set parameter TimeLimit to value 1000
Set parameter Presolve to value -1
    True Van k=7: width=9.4897, milp=43.075s
